Date;Open;Low;High;Close;Volume
20140102;1.46355;1.44436;1.46633;1.45868;114133.45016874373
20140103;1.45874;1.44193;1.45874;1.44433;102626.69007669386
20140106;1.4453200000000002;1.44092;1.45631;1.4519;100517.21021451801
20140107;1.4519;1.4514;1.46773;1.46561;125902.11031407866
20140108;1.46563;1.4648;1.4743;1.46884;125916.65032386035
20140109;1.46884;1.46853;1.48069;1.47527;119483.31016680598
20140110;1.47518;1.47396;1.49522;1.48824;132900.05032324788
20140113;1.49176;1.48211;1.49373;1.48493;107805.14019025117
20140114;1.48489;1.4842799999999998;1.4985700000000002;1.49709;125604.99033402653
20140115;1.49708;1.48476;1.49905;1.48739;128464.90044018625
20140116;1.48737;1.48411;1.49135;1.48869;131618.56028485298
20140117;1.48869;1.4831299999999998;1.49085;1.4839;98628.78017489614
20140120;1.48381;1.47861;1.4881799999999998;1.48327;74932.88001991062
20140121;1.48317;1.48281;1.49153;1.48715;103550.20011813194
20140122;1.48728;1.4834;1.50245;1.50189;111671.60011009127
20140123;1.50185;1.50131;1.52745;1.5204;159410.0502320975
20140124;1.5203799999999998;1.51156;1.52485;1.51589;153312.98010043055
20140127;1.5133;1.50682;1.51993;1.51965;127226.42004854974
20140128;1.51978;1.51399;1.5293;1.52444;110253.22018975763
20140129;1.5244799999999998;1.51237;1.53059;1.52609;145434.75013692677
20140130;1.52575;1.51162;1.52833;1.51225;130551.82021939756
20140131;1.51227;1.49675;1.51964;1.5005;137780.0103296265
20140203;1.4982799999999998;1.49073;1.50383;1.5036;119012.00014922768
20140204;1.5036;1.49223;1.50417;1.49793;118044.09009137006
20140205;1.49793;1.49191;1.5053;1.4998;121916.35010625422
20140206;1.49973;1.4913;1.51447;1.50424;112048.52006154507
20140207;1.50425;1.49051;1.5067;1.50374;110524.58010038732
20140210;1.5026;1.5017200000000002;1.50897;1.5085;79927.74011582881
20140211;1.50843;1.50054;1.51657;1.50113;99220.24017604439
20140212;1.50116;1.49012;1.50335;1.49546;96658.07017053662
20140213;1.49544;1.49311;1.50808;1.50154;106544.26011630894
20140214;1.50147;1.49741;1.5054;1.50334;97681.8701247126
20140217;1.50592;1.50019;1.50608;1.50265;60586.0800858587
20140218;1.5027;1.49949;1.51026;1.50604;90546.84010670334
20140219;1.50592;1.5001;1.52342;1.52144;97070.91016341746
20140220;1.5214;1.5148700000000002;1.52475;1.52255;98896.15013589713
20140221;1.52243;1.52171;1.53456;1.52611;97305.9201426208
20140224;1.5251;1.51843;1.53168;1.51913;79373.35013177991
20140225;1.51913;1.51837;1.5256;1.52349;83025.04015655817
20140226;1.52349;1.51588;1.52491;1.52289;98279.72020742297
20140227;1.5228700000000002;1.51803;1.52909;1.52464;93634.26014906168
20140228;1.5246;1.52296;1.53942;1.52619;114274.13015560804
20140303;1.52381;1.52029;1.52934;1.52123;95905.08013400435
20140304;1.5211;1.5204799999999998;1.5271;1.5243799999999998;89056.85013882816
20140305;1.52431;1.51446;1.5247700000000002;1.51449;88337.41027300061
20140306;1.51444;1.51246;1.52409;1.52249;106770.19033241273
20140307;1.52241;1.5218200000000002;1.54027;1.53842;100598.3903652206
20140309;1.53874;1.53791;1.5391;1.5381;589.1099975407124
20140310;1.5381;1.5381;1.54641;1.54141;81162.63052503765
20140311;1.54139;1.53577;1.54293;1.53895;79145.74071422964
20140312;1.53895;1.53754;1.5501;1.54585;88323.31081719698
20140313;1.54581;1.53094;1.54692;1.5354;106038.24082415552
20140314;1.53538;1.53466;1.5459;1.54439;102425.19086170943
20140316;1.54367;1.54231;1.54398;1.54375;1040.5199987441304
20140317;1.54383;1.53378;1.54527;1.53964;74595.00053775309
20140318;1.53964;1.53309;1.5527;1.5517299999999998;93071.18078070132
20140319;1.5517299999999998;1.54777;1.55856;1.55311;109868.710816063
20140320;1.55315;1.5478;1.55821;1.54889;95663.17054751515
20140321;1.54889;1.54064;1.5530000000000002;1.54729;88297.2807418406
20140323;1.54605;1.54603;1.54972;1.54944;1086.089997291565
20140324;1.54944;1.54253;1.55418;1.54884;88502.16078643502
20140325;1.54883;1.53644;1.55108;1.54408;99743.99086792023
20140326;1.54408;1.52845;1.5441;1.53038;101020.27084118873
20140327;1.53037;1.51345;1.5314299999999998;1.51603;110101.09068074822
20140328;1.51597;1.50784;1.52314;1.52066;90964.64085750283
20140331;1.52198;1.5169700000000002;1.52608;1.52137;92039.02069651335
20140401;1.52137;1.51967;1.52768;1.5204;79942.90059915185
20140402;1.5203799999999998;1.51577;1.52443;1.51895;75238.06065165997
20140403;1.51885;1.50797;1.52167;1.51401;92036.51071619989
20140404;1.51397;1.5004;1.51482;1.50434;87440.74056310952
20140407;1.50349;1.5026;1.51197;1.50804;87003.67095327377
20140408;1.50794;1.50337;1.51078;1.50696;112094.65098839998
20140409;1.50689;1.50234;1.5103799999999998;1.50735;107689.54114171863
20140410;1.50746;1.5059;1.51863;1.51862;107416.81084188074
20140411;1.5184799999999998;1.51636;1.52515;1.52433;102843.1508489102
20140414;1.51942;1.51216;1.5225799999999998;1.51491;94112.62073822321
20140415;1.51466;1.51449;1.52104;1.51643;100283.09076729415
20140416;1.51635;1.51517;1.52462;1.52128;105433.43085189909
20140417;1.52088;1.51935;1.52696;1.52015;83835.45067426562
20140418;1.52015;1.51942;1.52365;1.5217;25167.000072278082
20140421;1.5225;1.51803;1.52457;1.51835;46240.22040852904
20140422;1.51835;1.51823;1.52307;1.52204;85731.98072188348
20140423;1.52204;1.52191;1.52933;1.52425;95246.19066065553
20140424;1.52424;1.5206;1.5278;1.52456;86181.85061013699
20140425;1.52456;1.52367;1.5286799999999998;1.5268;76698.91059146821
20140428;1.52815;1.52398;1.53052;1.52736;93605.85106835514
20140429;1.52739;1.51144;1.52921;1.51151;100383.20077676326
20140430;1.51151;1.50851;1.52207;1.52005;114229.92085748912
20140501;1.5199;1.51869;1.52591;1.5195;72781.0704914406
20140502;1.51952;1.51653;1.52386;1.5218;93784.03062811494
20140505;1.52428;1.51936;1.52578;1.51981;69234.00077858567
20140506;1.5198200000000002;1.51474;1.5256;1.51721;88233.56046747416
20140507;1.51721;1.51374;1.51922;1.5161;87050.41046937555
20140508;1.51604;1.49797;1.5237;1.49886;117053.88082543015
20140509;1.49876;1.49107;1.50508;1.49837;108725.42093948275
20140512;1.49888;1.49693;1.50146;1.49874;83287.37086054683
20140513;1.4987700000000002;1.49125;1.50427;1.49421;112985.18118500712
20140514;1.49421;1.48968;1.4992;1.49321;102262.48133503649
20140515;1.49315;1.4832299999999998;1.4952;1.49216;115873.64117165655
20140516;1.49216;1.48661;1.49414;1.48661;82524.24046570063
20140519;1.48715;1.48715;1.49279;1.49075;88844.89090926199
20140520;1.49058;1.4879;1.49555;1.4944;94636.97084704039
20140521;1.4942799999999998;1.48936;1.49605;1.49341;104693.59105174989
20140522;1.49328;1.48581;1.49447;1.48726;97415.93102579564
20140523;1.48726;1.48004;1.4878;1.48004;89563.96076640488
20140526;1.48038;1.47934;1.4826;1.48159;52549.050522238016
20140527;1.48159;1.4780000000000002;1.48283;1.4806;98586.91120161118
20140528;1.4806;1.47592;1.48115;1.47793;100131.48096404225
20140529;1.47789;1.47385;1.48059;1.47395;98433.54111040382
20140530;1.47388;1.47272;1.48242;1.47851;98437.64103304596
20140602;1.4779799999999998;1.4758;1.48442;1.48192;99998.43094718458
20140603;1.48189;1.48118;1.48946;1.4864700000000002;94470.01105186343
20140604;1.48645;1.48603;1.49179;1.4875;105261.40111885221
20140605;1.48749;1.4764700000000002;1.49444;1.4923799999999998;136699.57144852728
20140606;1.4923799999999998;1.48624;1.4954;1.49114;105722.12128695099
20140609;1.49041;1.48176;1.49321;1.48226;82419.12081024796
20140610;1.48226;1.4765;1.48271;1.47699;103752.96084163338
20140611;1.47698;1.4694;1.47732;1.4704700000000002;109052.85100472717
20140612;1.4704;1.46706;1.47332;1.47121;96183.50089329481
20140613;1.4711;1.46793;1.47413;1.46921;95054.68095127492
20140616;1.46984;1.46701;1.47462;1.47197;88178.69082126021
20140617;1.47185;1.46907;1.4745;1.47125;82677.64092048258
20140618;1.47125;1.47087;1.47768;1.47308;89040.33107692748
20140619;1.47309;1.471;1.47696;1.4721;88315.8207725212
20140620;1.4721;1.45946;1.47491;1.46283;67756.80004224181
20140623;1.46195;1.45583;1.46304;1.45969;73045.91056098789
20140624;1.45966;1.45718;1.46234;1.46172;65616.91012342273
20140625;1.46172;1.46041;1.46383;1.4608;77239.59057004005
20140626;1.4608;1.45393;1.46199;1.45481;84211.3307236433
20140627;1.4548299999999998;1.45425;1.45773;1.45546;71753.42065823077
20140630;1.45505;1.45474;1.46204;1.4609299999999998;75924.4204994291
20140701;1.4608;1.4541;1.46174;1.45414;74006.0607392788
20140702;1.45414;1.45191;1.45713;1.45661;71056.3407191932
20140703;1.45672;1.44475;1.45735;1.44702;88474.38073053211
20140704;1.44702;1.44418;1.44885;1.44753;51957.080638945095
20140707;1.44731;1.44516;1.45378;1.45331;66544.10065292567
20140708;1.45331;1.45024;1.4548;1.45339;71026.33073405176
20140709;1.45339;1.45035;1.4550299999999998;1.45284;83925.78076412529
20140710;1.45284;1.44796;1.45451;1.44927;92177.41113463788
20140711;1.44925;1.44642;1.46105;1.46029;87369.59103532135
20140714;1.45984;1.45779;1.46517;1.45877;69746.86058124155
20140715;1.45877;1.45819;1.4622;1.45961;84017.51062607765
20140716;1.45962;1.4507;1.46069;1.4528;78253.76023500413
20140717;1.4528;1.45067;1.45594;1.45566;76244.42063930629
20140718;1.45558;1.44792;1.45605;1.45134;82743.15066652745
20140721;1.45168;1.45021;1.45419;1.45215;53521.780393213034
20140722;1.45206;1.44513;1.4532;1.4458799999999998;70414.05052563548
20140723;1.44583;1.44181;1.44736;1.44424;60561.49044635148
20140724;1.44424;1.44303;1.44816;1.44663;66482.28049053253
20140725;1.44654;1.44465;1.45339;1.45228;74024.48049627244
20140728;1.45268;1.45045;1.45348;1.45119;69802.93088310957
20140729;1.45119;1.45072;1.45688;1.45501;74507.66071814299
20140730;1.455;1.45477;1.46058;1.46052;83333.52055435628
20140731;1.46048;1.45572;1.46281;1.46033;80542.85061649978
20140801;1.46028;1.45959;1.46727;1.46545;96637.5306045413
20140804;1.4660799999999998;1.46346;1.46788;1.46362;43266.47000405192
20140805;1.46362;1.46226;1.4675;1.4660799999999998;62498.64001691341
20140806;1.4660799999999998;1.45875;1.46718;1.46072;86127.99042419344
20140807;1.46072;1.45592;1.4633;1.4600799999999998;83692.17047081888
20140808;1.46002;1.45868;1.47335;1.47114;98570.39073608817
20140811;1.47096;1.46136;1.47133;1.46171;75099.51061418653
20140812;1.46164;1.4589299999999998;1.46325;1.46041;77256.04066038133
20140813;1.4603700000000002;1.45689;1.46438;1.45851;89490.62077057363
20140814;1.45846;1.45629;1.46162;1.45701;83491.49078471959
20140815;1.45698;1.45465;1.46253;1.4598;91653.37072318792
20140818;1.45752;1.4539;1.4590299999999998;1.45476;67487.86056756228
20140819;1.45472;1.45267;1.45819;1.45738;87376.25069305299
20140820;1.45733;1.45256;1.45764;1.45445;97306.75073046982
20140821;1.45448;1.45247;1.45686;1.45295;76139.17058290541
20140822;1.45295;1.44733;1.4567;1.44863;89784.8705842793
20140825;1.44682;1.44324;1.45008;1.44884;69257.00045144558
20140826;1.44884;1.44166;1.45016;1.44203;85297.7606639862
20140827;1.4419;1.42877;1.4428;1.43327;99398.20058786868
20140828;1.4332;1.42798;1.43485;1.43169;89656.480632931
20140829;1.43169;1.42524;1.43203;1.42823;96129.02062400428
20140901;1.42724;1.42581;1.42834;1.42715;60820.460174381726
20140902;1.4271;1.4268299999999998;1.43551;1.4351;90259.31035840511
20140903;1.43515;1.4280000000000002;1.43623;1.43165;92010.7902957797
20140904;1.43164;1.40364;1.43418;1.40749;114423.65026628973
20140905;1.40751;1.40616;1.41443;1.40886;109042.02027180792
20140908;1.4089;1.40849;1.41833;1.4149;103152.4201971963
20140909;1.4149;1.41385;1.42321;1.42097;128976.98012476414
20140910;1.42093;1.41156;1.42478;1.41262;132361.68998450038
20140911;1.41262;1.41238;1.42948;1.42614;127306.34017755091
20140912;1.42601;1.42542;1.4378799999999998;1.43745;128122.01001268625
20140915;1.43753;1.42788;1.43872;1.43028;96274.47007077932
20140916;1.43016;1.42104;1.43348;1.42135;116022.44010551275
20140917;1.42135;1.41447;1.42294;1.41472;122366.29028639196
20140918;1.41468;1.41145;1.4191;1.41289;109874.24011912943
20140919;1.41285;1.40133;1.41629;1.4061;129553.33985820413
20140922;1.40721;1.40516;1.4190200000000002;1.4190200000000002;92452.5400749743
20140923;1.41889;1.41563;1.42466;1.42313;106744.11000287533
20140924;1.42304;1.4129200000000002;1.42468;1.4132;110792.54996141793
20140925;1.4132;1.40992;1.41669;1.41649;116674.00000336766
20140926;1.41649;1.41244;1.4185299999999998;1.4138;109390.99005767703
20140929;1.41377;1.41284;1.4180700000000002;1.4160700000000002;134819.7597616911
20140930;1.4160700000000002;1.40471;1.41654;1.4142;128133.41003377734
20141001;1.41414;1.40784;1.41573;1.4089;135028.5701186657
20141002;1.4089;1.40108;1.41494;1.41336;160015.84052348134
20141003;1.41336;1.4055;1.41472;1.40691;122184.08041495086
20141006;1.40719;1.40415;1.4104;1.40866;119348.3207511902
20141007;1.40866;1.40526;1.416;1.41566;131740.490490973
20141008;1.41547;1.41129;1.42066;1.41425;154577.57092773914
20141009;1.41419;1.4116;1.42011;1.41952;161789.00043541193
20141010;1.41952;1.40913;1.42343;1.41399;151624.35989037153
20141013;1.4118700000000002;1.41149;1.42851;1.42785;136540.40006750822
20141014;1.42784;1.41999;1.43118;1.42965;146857.88020040095
20141015;1.42965;1.42821;1.44792;1.44479;209151.6106507182
20141016;1.44478;1.43844;1.44997;1.4419799999999998;204134.7310138345
20141017;1.44187;1.43233;1.44275;1.43869;134449.14042380452
20141020;1.43854;1.435;1.44559;1.44448;128451.73004959525
20141021;1.44422;1.42628;1.44551;1.42675;136093.25065939128
20141022;1.42679;1.41609;1.43045;1.4210200000000002;140381.50053983927
20141023;1.4207;1.4191;1.42511;1.42016;129235.74073025586
20141024;1.42011;1.41728;1.42402;1.42303;117309.20031372458
20141026;1.42296;1.4228;1.42457;1.4240000000000002;678.3700001239778
20141027;1.42402;1.42334;1.43001;1.4284;125047.60024818778
20141028;1.42839;1.4215799999999998;1.43036;1.42203;134974.92047858238
20141029;1.42203;1.41218;1.42301;1.41336;131587.310689345
20141030;1.41335;1.40583;1.41436;1.41087;153824.0511456728
20141031;1.41091;1.40588;1.41698;1.41055;165688.23982992768
20141103;1.41093;1.40464;1.4210200000000002;1.41773;161744.35128182173
20141104;1.41761;1.41727;1.43422;1.43138;163659.6902576387
20141105;1.43138;1.41993;1.43339;1.42139;182093.86031645536
20141106;1.42138;1.41246;1.42976;1.41355;196958.6804988384
20141107;1.41346;1.40547;1.41894;1.41066;187803.8605593443
20141110;1.4120700000000002;1.40719;1.4143;1.41338;155771.32994657755
20141111;1.41327;1.40855;1.4154799999999998;1.41398;150687.34011143446
20141112;1.41385;1.40352;1.41722;1.40775;184572.65997642282
20141113;1.40772;1.40672;1.42127;1.41808;144611.98022979498
20141114;1.41808;1.40782;1.41995;1.4135799999999998;174601.93017405274
20141117;1.4137;1.4058700000000002;1.41765;1.40765;155533.0902674049
20141118;1.40765;1.40468;1.41899;1.41587;140640.52986881134
20141119;1.41575;1.41527;1.42565;1.42361;159074.60012518615
20141120;1.42354;1.41545;1.4265;1.41753;176286.06045752767
20141121;1.41734;1.39052;1.4204;1.39123;184276.87022525075
20141124;1.38856;1.3883;1.40579;1.4032;142048.49003946778
20141125;1.40322;1.39859;1.40695;1.40418;153345.3207732439
20141126;1.40411;1.40188;1.4088;1.40645;129093.5601272583
20141127;1.40645;1.40238;1.41753;1.41249;111280.41033345461
20141128;1.41249;1.4119700000000002;1.4268;1.42095;137031.3200672269
20141201;1.42418;1.41139;1.42501;1.4125;173227.91984274983
20141202;1.4124;1.40985;1.41687;1.41245;139934.58013346788
20141203;1.41235;1.3970200000000002;1.4135;1.399;157645.60996183008
20141204;1.3989;1.39567;1.41699;1.40923;165133.21015167233
20141205;1.40923;1.40293;1.41191;1.40422;149662.139996022
20141208;1.40505;1.4006299999999998;1.41466;1.4136799999999998;140289.3300049305
20141209;1.41356;1.41232;1.41996;1.41616;178394.9499469623
20141210;1.41613;1.41556;1.4307299999999998;1.42907;170925.71992990375
20141211;1.42907;1.42466;1.43246;1.42965;195134.44030425692
20141212;1.42948;1.42815;1.44357;1.44265;170799.65004061908
20141215;1.44572;1.4369999999999998;1.45176;1.45139;172451.93038433045
20141216;1.4514;1.4474200000000002;1.4643700000000002;1.4543;200426.36120653152
20141217;1.45421;1.43516;1.45573;1.43516;181663.8608961404
20141218;1.43516;1.4221700000000002;1.43756;1.4222;176085.2603062689
20141219;1.42209;1.41742;1.42903;1.41808;155592.3895946592
20141222;1.41773;1.41753;1.42788;1.42185;110579.49035616963
20141223;1.42179;1.41294;1.42355;1.41386;110898.67026644944
20141224;1.41384;1.4134;1.41943;1.41752;57154.880549013615
20141225;1.4169;1.41641;1.42021;1.41981;3668.420025087893
20141226;1.42011;1.41243;1.42045;1.41575;59080.190731942654
20141229;1.41428;1.413;1.42086;1.41378;90301.84028938413
20141230;1.41378;1.40954;1.41667;1.41117;100399.73048888892
20141231;1.41118;1.39923;1.41181;1.4054;78839.6502789259
20150101;1.4054799999999998;1.4054799999999998;1.4054799999999998;1.4054799999999998;0.75
20150102;1.40478;1.40198;1.41446;1.41401;123604.25033660233
20150105;1.40776;1.39859;1.41366;1.40347;147267.26020345837
20150106;1.40335;1.3996;1.41137;1.4070200000000002;141188.09007548538
20150107;1.4070200000000002;1.3975799999999998;1.40923;1.3987;145909.56024205685
20150108;1.3987;1.38825;1.39971;1.39498;141109.5599727407
20150109;1.39499;1.39185;1.4064299999999998;1.40465;142208.23005640507
20150112;1.40483;1.40031;1.41698;1.41684;140207.41010490805
20150113;1.41684;1.40357;1.4189;1.40756;171431.42986942828
20150114;1.40732;1.4057;1.41609;1.4088;189370.87002325052
20150115;1.40874;1.37854;1.4105299999999998;1.39069;239448.73042430732
20150116;1.39087;1.37532;1.39644;1.38564;192535.18023376915
20150119;1.38327;1.38097;1.3941;1.38572;110271.50003033133
20150120;1.38546;1.38331;1.4023;1.39878;141074.85006568578
20150121;1.39848;1.39555;1.43584;1.43256;176429.3500335291
20150122;1.43249;1.40427;1.43826;1.4069200000000002;197759.69028610733
20150123;1.40688;1.38032;1.40944;1.39119;212324.3204210773
20150126;1.38733;1.3826;1.40433;1.40188;184120.4600050822
20150127;1.40183;1.40085;1.41468;1.41099;158669.90025227517
20150128;1.41093;1.4066299999999998;1.41865;1.4148;174574.12992846966
20150129;1.41467;1.41121;1.43235;1.4279700000000002;150829.59025656432
20150130;1.4279700000000002;1.42771;1.4490299999999998;1.4367;169064.2801487893
20150202;1.43621;1.42305;1.44759;1.42469;152541.6702530086
20150203;1.42477;1.42143;1.43476;1.42489;184336.33041878048
20150204;1.42489;1.42189;1.43859;1.42629;190247.02008701855
20150205;1.42629;1.41844;1.43385;1.42693;172341.14039257914
20150206;1.42691;1.40961;1.42879;1.4173;154916.45016423613
20150209;1.41603;1.40785;1.42097;1.41169;147917.6900786832
20150210;1.4115799999999998;1.40737;1.42929;1.42482;160079.47004134208
20150211;1.42478;1.42239;1.43398;1.43171;149380.62018668652
20150212;1.43171;1.41564;1.43329;1.4262;179839.1403677836
20150213;1.42619;1.41699;1.43162;1.41699;157271.65009916574
20150216;1.41814;1.4125;1.42389;1.41509;103533.99022787064
20150217;1.4148;1.40945;1.41742;1.41347;151484.3401785642
20150218;1.41346;1.41018;1.41961;1.41931;155613.71025800705
20150219;1.41926;1.41849;1.42892;1.42035;150315.2502201721
20150220;1.42035;1.40552;1.4314;1.42599;167566.15012091398
20150223;1.42731;1.42222;1.42998;1.42471;141036.18046587706
20150224;1.42466;1.41479;1.43301;1.4157799999999998;167971.81039832532
20150225;1.4157;1.40691;1.41727;1.4126299999999998;162970.76988114414
20150226;1.41262;1.39805;1.4146;1.40129;166831.16036732495
20150227;1.40127;1.39518;1.40359;1.40026;164346.49005760252
20150302;1.39771;1.3964;1.40884;1.40166;138071.51002692428
20150303;1.40151;1.38899;1.40293;1.39635;146520.64001905918
20150304;1.39642;1.37363;1.39769;1.37626;146981.90997050705
20150305;1.37627;1.36939;1.38314;1.37678;147370.56037268788
20150306;1.37678;1.36221;1.37762;1.36838;158235.17008812726
20150308;1.36602;1.36566;1.36708;1.36667;1126.6400008201601
20150309;1.36667;1.36521;1.37358;1.36752;152055.23006778955
20150310;1.36754;1.35119;1.36905;1.35477;208672.52000761032
20150311;1.35472;1.34054;1.3580299999999998;1.34363;229616.81990920013
20150312;1.34354;1.33943;1.35033;1.34828;216353.01014739272
20150313;1.34824;1.3386;1.35198;1.34136;193185.9402045608
20150315;1.33926;1.33915;1.34215;1.34117;1162.5400005578995
20150316;1.34117;1.34117;1.35682;1.34994;179582.83009428534
20150317;1.35002;1.349;1.35999;1.35497;158914.9301290214
20150318;1.35497;1.35341;1.37489;1.36302;188916.51047219336
20150319;1.3634;1.34721;1.36737;1.35457;198901.55179015547
20150320;1.35457;1.35117;1.36786;1.35779;170828.0406897068
20150322;1.36061;1.35993;1.36431;1.36283;2726.690000899135
20150323;1.36282;1.35681;1.37108;1.36984;210340.36078299585
20150324;1.36984;1.36321;1.37387;1.36454;209666.40083875507
20150325;1.36454;1.36368;1.37632;1.37269;190301.30036947128
20150326;1.37269;1.3556;1.3736700000000002;1.35764;228899.12058307976
20150327;1.35764;1.35275;1.37651;1.37309;215766.22045023
20150330;1.37173;1.3677700000000002;1.37534;1.37294;199520.74049893767
20150331;1.37293;1.3587;1.37593;1.3611799999999998;208192.3804326728
20150401;1.36124;1.35583;1.36581;1.35832;224223.8402455002
20150402;1.3582;1.35599;1.37264;1.36617;199684.13064967093
20150403;1.36625;1.36499;1.37363;1.36896;98360.89046397805
20150406;1.37136;1.36306;1.37515;1.36306;114332.73047680408
20150407;1.36302;1.35162;1.36568;1.35234;189115.56030303237
20150408;1.35229;1.34625;1.35495;1.35234;198385.88041126725
20150409;1.35225;1.33975;1.35456;1.34053;169346.47068873793
20150410;1.34044;1.33185;1.34437;1.33243;163824.60041165352
20150413;1.33116;1.32982;1.33775;1.3309;202238.39028533548
20150414;1.33087;1.32557;1.3372700000000002;1.33009;204424.44064831734
20150415;1.33;1.31114;1.337;1.31286;188006.62083554265
20150416;1.31291;1.30753;1.3223200000000002;1.31148;193929.97091452774
20150417;1.31129;1.30237;1.32386;1.3229799999999998;201553.4408377185
20150420;1.32075;1.31003;1.32243;1.31227;166243.75018072128
20150421;1.31224;1.30572;1.32261;1.31817;169335.83000215888
20150422;1.3181200000000002;1.31115;1.32007;1.31231;164987.71005558968
20150423;1.31231;1.3078;1.31845;1.31437;179465.1000588089
20150424;1.3142200000000002;1.31034;1.32487;1.32322;171017.14007890224
20150427;1.32414;1.31313;1.32426;1.31611;160607.42006385323
20150428;1.31604;1.31434;1.32246;1.32115;168133.84001469612
20150429;1.3212;1.31892;1.33884;1.33748;195923.27003139255
20150430;1.33751;1.33264;1.36191;1.35534;209756.01002776626
20150501;1.35522;1.35259;1.37037;1.3614;156302.8299524784
20150504;1.36012;1.34695;1.36382;1.34808;134670.5300245285
20150505;1.34795;1.34014;1.35193;1.34976;161302.9200105667
20150506;1.34976;1.34703;1.36887;1.36682;168855.9000338912
20150507;1.36685;1.36077;1.37671;1.36622;184134.05000418425
20150508;1.36627;1.35163;1.36674;1.35163;175077.4599859491
20150511;1.3522299999999998;1.34584;1.35707;1.35;145465.80001056194
20150512;1.34998;1.34521;1.36005;1.34755;152170.46000289914
20150513;1.34746;1.34286;1.36058;1.35749;158359.70003426075
20150514;1.35748;1.35551;1.3691799999999998;1.36714;168897.23992037773
20150515;1.3671;1.36244;1.37771;1.37548;163718.66991519928
20150518;1.37402;1.36944;1.38044;1.37559;137803.68997132778
20150519;1.37559;1.35791;1.37664;1.36371;162601.62000209093
20150520;1.36371;1.35215;1.36407;1.35418;166300.23996293545
20150521;1.35418;1.35164;1.36314;1.35551;131299.28994840384
20150522;1.35546;1.35158;1.36687;1.35186;134214.5399490595
20150525;1.35146;1.3477;1.3526200000000002;1.3513700000000002;68601.91000753641
20150526;1.3513700000000002;1.34309;1.35686;1.35173;137919.91003262994
20150527;1.35173;1.34844;1.36051;1.35758;139318.19994932413
20150528;1.35758;1.35676;1.36726;1.36131;141167.69998914006
20150529;1.36138;1.35919;1.37509;1.36754;143353.85995233062
20150601;1.3659;1.36002;1.3714;1.36795;153951.18002933267
20150602;1.36795;1.36609;1.39169;1.38263;179753.11000737548
20150603;1.38263;1.38022;1.4043;1.40372;161388.28997957706
20150604;1.4036;1.40104;1.41626;1.4049;163942.68997971714
20150605;1.40494;1.38133;1.4123;1.3818700000000002;161733.2599735856
20150608;1.3797;1.3794;1.40144;1.40109;140026.5899707079
20150609;1.40109;1.38464;1.40536;1.39162;161394.2499498129
20150610;1.39162;1.37993;1.39583;1.38757;182679.33996033669
20150611;1.3874;1.37931;1.39062;1.38366;154910.61996572465
20150612;1.38366;1.3743;1.38975;1.38752;148247.9700062275
20150615;1.37972;1.37962;1.39133;1.39041;142668.53998535874
20150616;1.39041;1.38137;1.39534;1.3826;125665.5699533224
20150617;1.38246;1.3811;1.39246;1.38601;139164.6499904394
20150618;1.38594;1.38213;1.39554;1.38812;163471.06998741627
20150619;1.38812;1.3812799999999998;1.39468;1.3917;118691.84999227525
20150622;1.39416;1.38685;1.40219;1.39573;125076.18996548653
20150623;1.39565;1.37562;1.39753;1.37642;138648.18999451402
20150624;1.37636;1.37489;1.38957;1.38722;132901.05996674302
20150625;1.38705;1.3793799999999998;1.39105;1.38081;120318.96000524607
20150626;1.38083;1.3742299999999998;1.38671;1.37517;109202.07998120783
20150629;1.35774;1.35158;1.39617;1.39352;171054.00007433444
20150630;1.39353;1.38074;1.39646;1.39218;150305.749989748
20150701;1.3922;1.38684;1.39499;1.39131;148278.90001759678
20150702;1.3912;1.38919;1.39972;1.38979;147668.5199816823
20150703;1.38966;1.38934;1.39859;1.39664;114560.619972229
20150706;1.38466;1.38217;1.40155;1.3986;155433.9799748063
20150707;1.3986299999999998;1.3905299999999998;1.40265;1.3988;172411.85994839668
20150708;1.39872;1.39659;1.41204;1.41165;184269.66938304895
20150709;1.4116;1.39741;1.41188;1.40209;159073.84990131855
20150710;1.40209;1.40104;1.42565;1.41265;172337.43996500972
20150713;1.40848;1.40066;1.42111;1.4018;172539.44999670234
20150714;1.40132;1.39845;1.41306;1.40114;167546.81995761395
20150715;1.40109;1.39943;1.41922;1.41369;184367.24996215105
20150716;1.41345;1.40351;1.41575;1.40878;179424.3195832148
20150717;1.40869;1.40436;1.41461;1.40436;150792.23990172148
20150720;1.40484;1.40466;1.41241;1.40641;149906.94339525193
20150721;1.4063;1.40555;1.41906;1.41537;185230.3198916316
20150722;1.41508;1.41489;1.4245;1.42379;165439.08997318152
20150723;1.42367;1.42276;1.43475;1.43164;169193.8299114108
20150724;1.43163;1.42392;1.43804;1.43278;147467.1699192524
20150727;1.43186;1.4301;1.44939;1.44537;172294.399947308
20150728;1.44537;1.42737;1.44635;1.42889;161001.31992659718
20150729;1.42881;1.4200700000000002;1.43382;1.4215;175452.9899147749
20150730;1.4215;1.41739;1.42467;1.42086;164939.05993855
20150731;1.42078;1.4205299999999998;1.445;1.43775;180886.7794225216
20150803;1.43597;1.43517;1.4447;1.44043;147640.5799384117
20150804;1.44036;1.43453;1.44307;1.43551;180865.3899233937
20150805;1.43551;1.4280700000000002;1.43879;1.43698;197069.24957615137
20150806;1.4369999999999998;1.43157;1.43959;1.43187;166390.17971855402
20150807;1.43187;1.42636;1.4411;1.43948;168867.14990472794
20150810;1.43818;1.43198;1.44593;1.43244;144543.02989572287
20150811;1.43244;1.43175;1.45387;1.44786;170945.32992458346
20150812;1.4478799999999998;1.44463;1.45783;1.44767;176178.02993154523
20150813;1.44767;1.44325;1.45785;1.45596;186333.3099476993
20150814;1.4559799999999998;1.45076;1.46137;1.45395;160308.8000053167
20150817;1.45528;1.44681;1.45986;1.44874;147619.39998352528
20150818;1.44838;1.43853;1.4546;1.43917;141761.1499542594
20150819;1.43917;1.43867;1.45989;1.45974;158953.45000094175
20150820;1.45982;1.45785;1.4714;1.47097;171955.89993655682
20150821;1.47088;1.46879;1.50177;1.50091;185762.30004251003
20150824;1.49935;1.49889;1.55599;1.54343;242978.3901537955
20150825;1.54343;1.50942;1.54387;1.53583;216274.8600846529
20150826;1.53583;1.5036;1.54276;1.50377;245054.03011086586
20150827;1.50359;1.47706;1.50994;1.4841;226274.63004133105
20150828;1.48409;1.47441;1.4988;1.4764;202338.43002158406
20150831;1.4755;1.47043;1.4975;1.4729;176829.96015998718
20150901;1.47278;1.47227;1.50021;1.50009;196957.54004234078
20150902;1.50013;1.48249;1.50042;1.48938;193922.7601654753
20150903;1.48938;1.45973;1.4923;1.46587;171512.99012875554
20150904;1.46577;1.46226;1.48065;1.47973;166926.91014242172
20150907;1.47974;1.47477;1.48673;1.48615;145555.1100949645
20150908;1.48627;1.47395;1.4921799999999998;1.4795200000000002;176525.6000326872
20150909;1.4795200000000002;1.4660799999999998;1.48577;1.48577;183374.74005626887
20150910;1.48575;1.47544;1.49516;1.4945;215643.62013834715
20150911;1.49434;1.49041;1.50588;1.5036;164285.10002613068
20150914;1.50119;1.49489;1.50559;1.50092;155494.31007653475
20150915;1.50086;1.49147;1.50205;1.49264;164070.78007304668
20150916;1.49264;1.4844700000000002;1.4952299999999998;1.48692;161309.44001233578
20150917;1.48689;1.48614;1.50776;1.50725;187505.30004468557
20150918;1.50708;1.48566;1.5072;1.49409;207591.76003899425
20150921;1.49251;1.47999;1.49703;1.48299;158600.7399879694
20150922;1.48288;1.47478;1.48487;1.47566;151512.9300428629
20150923;1.4757;1.47252;1.49516;1.48986;154076.75006055832
20150924;1.48977;1.48599;1.51147;1.49379;179290.96003895995
20150925;1.49368;1.48138;1.49476;1.49266;165506.80002432314
20150928;1.4911;1.48705;1.50646;1.50622;153151.2399041131
20150929;1.50616;1.49957;1.5158;1.5097;181389.2797973156
20150930;1.50967;1.48718;1.51195;1.48788;166131.94982028008
20151001;1.48774;1.4762;1.48985;1.48509;153673.39980870485
20151002;1.48509;1.47394;1.49822;1.4751;149936.7998213768
20151005;1.47491;1.46197;1.47853;1.46389;145244.6299066767
20151006;1.46362;1.4607;1.47429;1.46883;140120.49987995625
20151007;1.46886;1.4548;1.47092;1.46721;180850.96985305852
20151008;1.46715;1.46517;1.47604;1.46761;177165.72986519337
20151009;1.46761;1.46173;1.47489;1.4699;168013.50983959436
20151012;1.47192;1.46754;1.47901;1.47611;130401.49993312359
20151013;1.47605;1.47407;1.48992;1.48359;160772.20991420743
20151014;1.48341;1.48027;1.48914;1.48412;173553.71994298697
20151015;1.4841;1.46039;1.48509;1.4643700000000002;167233.85997763276
20151016;1.4643700000000002;1.46055;1.47222;1.46507;134170.08995613456
20151019;1.46524;1.46079;1.47534;1.47435;122981.68998849392
20151020;1.47435;1.46626;1.4814200000000002;1.47244;129463.57991319895
20151021;1.47241;1.47219;1.49078;1.48963;142657.55994737148
20151022;1.48964;1.45374;1.49064;1.45379;177148.8599531278
20151023;1.45364;1.44419;1.45834;1.45024;167353.2000130415
20151025;1.44738;1.44738;1.45019;1.44911;4187.000001668929
20151026;1.44916;1.44654;1.4557;1.45434;129410.45989808439
20151027;1.45445;1.45372;1.46642;1.46527;128565.86990857124
20151028;1.46527;1.43777;1.46669;1.442;156939.24992454052
20151029;1.44201;1.43846;1.45056;1.44632;172247.39992415905
20151030;1.44632;1.4361;1.45558;1.43917;182238.44990184906
20151102;1.44288;1.44049;1.44891;1.4422700000000002;129929.96997761725
20151103;1.44216;1.42789;1.44387;1.43155;139650.35992825028
20151104;1.4316799999999998;1.42521;1.43333;1.42849;150622.18995058537
20151105;1.42848;1.42709;1.43495;1.43333;148922.83987484127
20151106;1.4333;1.41986;1.43699;1.4286299999999998;171623.44988918304
20151109;1.42685;1.42338;1.43194;1.42843;153846.26989752054
20151110;1.42829;1.41612;1.42895;1.4236;142152.4399213791
20151111;1.42346;1.41994;1.42667;1.4247299999999998;139728.02985423803
20151112;1.4247299999999998;1.4182;1.43865;1.43704;172018.98992538452
20151113;1.43702;1.42816;1.43711;1.43479;155579.48987388608
20151116;1.42838;1.42296;1.43343;1.42458;166110.38993430138
20151117;1.42458;1.41589;1.42532;1.41765;169754.66985583305
20151118;1.41765;1.41626;1.42356;1.41774;153328.10999044776
20151119;1.41779;1.41427;1.42801;1.42577;175398.75990284234
20151120;1.42581;1.41745;1.42713;1.42066;162353.42991548777
20151123;1.41824;1.41575;1.42806;1.42154;158951.39998145401
20151124;1.42149;1.41401;1.42498;1.41587;152986.48988437653
20151125;1.41587;1.40737;1.4209;1.41174;161952.61992583427
20151126;1.41173;1.40914;1.41371;1.41046;111505.04993462564
20151127;1.41046;1.40936;1.4176799999999998;1.41589;132161.33992002904
20151130;1.41466;1.40574;1.41746;1.41142;150339.64994905144
20151201;1.41138;1.4098700000000002;1.42261;1.41999;186160.4398044348
20151202;1.41999;1.40703;1.42133;1.41602;186308.67984443906
20151203;1.41618;1.40351;1.46498;1.4607;233762.1198418141
20151204;1.46067;1.4482700000000002;1.4670299999999998;1.45312;219273.00986202055
20151207;1.45335;1.45091;1.46783;1.46274;157564.6000316888
20151208;1.46282;1.46246;1.48406;1.47956;190337.20999193192
20151209;1.47957;1.47772;1.49994;1.49704;190524.9101061001
20151210;1.49691;1.48091;1.49703;1.4905700000000002;175415.28997588158
20151211;1.49049;1.49039;1.51276;1.51198;177253.37999427321
20151214;1.50683;1.50045;1.52021;1.50967;216739.80995754155
20151215;1.50967;1.49423;1.51603;1.5006700000000002;201476.4899486601
20151216;1.5006700000000002;1.50013;1.51633;1.5034;201343.19994395968
20151217;1.50338;1.49571;1.51527;1.5086700000000002;171013.12980222702
20151218;1.5086700000000002;1.50233;1.51681;1.51612;171671.87989790738
20151221;1.5123799999999998;1.51033;1.53033;1.52339;157435.0198571384
20151222;1.52329;1.51941;1.53209;1.52495;137655.00993949175
20151223;1.52489;1.5045;1.5256;1.51081;118769.60998654366
20151224;1.51078;1.5095;1.52;1.51389;82650.76999280603
20151225;1.5138;1.51219;1.51621;1.51442;5071.210012987256
20151228;1.51502;1.51426;1.52796;1.5248700000000002;100926.3196952343
20151229;1.52476;1.5089;1.52954;1.51149;117196.70995073019
20151230;1.51149;1.51091;1.52169;1.51713;123329.95983535053
20151231;1.5171;1.50086;1.51903;1.50136;105941.7796869278
20160104;1.50192;1.50002;1.525;1.5109;161579.76986324787
20160105;1.51081;1.49527;1.51105;1.5041;171613.01991015673
20160106;1.50398;1.50198;1.52231;1.51723;197217.93990666425
20160107;1.51724;1.51568;1.5429;1.54256;234384.21989241987
20160108;1.54256;1.52117;1.54932;1.54777;203315.28997427225
20160111;1.54642;1.52974;1.55543;1.54362;195153.55995631212
20160112;1.54362;1.53608;1.55523;1.54829;205981.9099510312
20160113;1.54814;1.5333;1.56463;1.5597;211117.35000675172
20160114;1.55968;1.55483;1.57447;1.56075;235902.57995277643
20160115;1.56076;1.55696;1.59594;1.5865200000000002;250160.8200388924
20160118;1.5943;1.57621;1.59506;1.58516;160630.93999991563
20160119;1.58516;1.56807;1.59317;1.58998;209690.93996918199
20160120;1.58989;1.57448;1.61049;1.57897;264939.6100233048
20160121;1.5789799999999998;1.54119;1.58752;1.55109;291666.6599332616
20160122;1.55109;1.5234299999999998;1.55246;1.5234299999999998;236731.50979870558
20160125;1.52636;1.5245799999999998;1.55064;1.55031;210061.03978431228
20160126;1.55027;1.52249;1.55667;1.53445;214978.3498373181
20160127;1.53431;1.5247700000000002;1.54432;1.53537;237277.03992849588
20160128;1.53505;1.52148;1.54383;1.53452;239719.19977641106
20160129;1.53425;1.51259;1.5387;1.51345;244191.77982031554
20160201;1.51323;1.51109;1.53383;1.51855;208060.54984757304
20160202;1.51842;1.5171;1.54021;1.53409;211940.6699339822
20160203;1.5342;1.51761;1.5416299999999998;1.52974;261953.97997972372
20160204;1.52975;1.52211;1.54288;1.54124;249929.4199727773
20160205;1.5412;1.5332;1.55299;1.5523;228038.34996521482
20160208;1.5485;1.54285;1.5631700000000002;1.55862;237341.71002364162
20160209;1.55847;1.5498;1.5717299999999998;1.56603;290710.7297293171
20160210;1.56603;1.54491;1.57402;1.57236;296356.45981913805
20160211;1.57236;1.5678;1.59141;1.57777;325273.1696401089
20160212;1.5777;1.55137;1.57798;1.5582;248127.32959237692
20160215;1.55608;1.53932;1.5588799999999998;1.54281;160411.09983837605
20160216;1.54283;1.53049;1.5512;1.54477;228702.8497078792
20160217;1.54477;1.5206;1.55319;1.5211;232281.2998495773
20160218;1.5211;1.51401;1.52706;1.52426;219650.47974210978
20160219;1.52436;1.5228;1.5389;1.53178;205342.46964477745
20160222;1.53011;1.50588;1.53374;1.51162;187958.10970892012
20160223;1.5116;1.50804;1.52489;1.51969;196271.6497578025
20160224;1.51969;1.5056;1.52664;1.5088;217226.0697033405
20160225;1.50879;1.4904700000000002;1.51495;1.49058;201106.10968805104
20160226;1.49058;1.47536;1.49884;1.47702;191777.22973931575
20160229;1.4746;1.46781;1.4843;1.472;194382.5299526453
20160301;1.47201;1.45288;1.47496;1.457;200183.21989667413
20160302;1.45669;1.45441;1.46415;1.45793;181300.22974050048
20160303;1.45789;1.45535;1.46983;1.4684700000000002;173434.64968271554
20160304;1.46832;1.46281;1.48143;1.46457;189578.05978716165
20160307;1.46489;1.45919;1.46763;1.46273;157963.79976075885
20160308;1.46274;1.46246;1.48264;1.47621;184132.78963772207
20160309;1.4762;1.45659;1.47749;1.45707;180376.72974741465
20160310;1.45689;1.4388299999999998;1.50154;1.49155;236769.28985707465
20160311;1.49128;1.46692;1.49338;1.47265;191272.68973046535
20160313;1.47219;1.47206;1.4743;1.47412;349.90000045299524
20160314;1.4739799999999998;1.46914;1.47944;1.47266;172714.53960814327
20160315;1.47264;1.47214;1.48789;1.48251;177276.5495652929
20160316;1.48251;1.46931;1.48565;1.47064;191629.50973733515
20160317;1.47061;1.46173;1.47725;1.469;225348.77968445426
20160318;1.46902;1.45873;1.47126;1.46537;174169.399785161
20160320;1.46429;1.46429;1.46848;1.46711;674.830001592636
20160321;1.46737;1.4662;1.47506;1.47206;160057.41966675222
20160322;1.47213;1.46164;1.47256;1.46282;176287.14963883164
20160323;1.46288;1.46055;1.47814;1.47633;166078.84960547835
20160324;1.47633;1.476;1.48363;1.48017;155424.50967168808
20160325;1.48017;1.4761799999999998;1.48314;1.4797;74588.54982294887
20160328;1.48122;1.47511;1.48262;1.47609;98279.01982337236
20160329;1.47605;1.47036;1.47964;1.47603;179287.50969779489
20160330;1.476;1.46572;1.47786;1.46983;195378.21974753586
20160331;1.46971;1.46549;1.48095;1.4796;197132.1796921045
20160401;1.47956;1.4755;1.4976200000000002;1.48174;190893.81976550817
20160404;1.48567;1.48209;1.49065;1.49023;152586.62978842854
20160405;1.49022;1.4882;1.50289;1.49536;185374.5197930932
20160406;1.49527;1.49065;1.50086;1.49181;181647.85981217027
20160407;1.49181;1.48559;1.50175;1.49541;190035.21976037323
20160408;1.49542;1.47606;1.4965700000000002;1.4800799999999998;177935.2195635438
20160411;1.48184;1.46941;1.48592;1.47098;184715.5297213644
20160412;1.47064;1.45192;1.47525;1.45239;193622.62963593012
20160413;1.45242;1.43769;1.45458;1.44479;209890.89954480526
20160414;1.44476;1.44244;1.45104;1.44709;179380.2297487855
20160415;1.44707;1.44052;1.45965;1.44582;162572.73967009786
20160418;1.46279;1.44558;1.46796;1.44599;190067.09970849007
20160419;1.44599;1.4368299999999998;1.44814;1.43891;185867.72978342324
20160420;1.4389299999999998;1.42622;1.44597;1.42946;178637.52972034362
20160421;1.42946;1.42608;1.44303;1.43735;187833.84978970885
20160422;1.43718;1.41982;1.43844;1.42122;185472.1697109267
20160425;1.41986;1.41961;1.43079;1.42815;171044.789664343
20160426;1.42804;1.4226299999999998;1.43327;1.42346;170957.92977430669
20160427;1.42338;1.42213;1.43326;1.42624;182528.92980021238
20160428;1.42624;1.41809;1.43082;1.4248299999999998;210174.55977036804
20160429;1.42486;1.42294;1.43997;1.43697;201686.6798349768
20160502;1.43867;1.43628;1.44645;1.44476;157066.29975109547
20160503;1.44476;1.44203;1.46549;1.46268;199886.90983623266
20160504;1.4627;1.45981;1.48191;1.47795;195039.839802742
20160505;1.47796;1.46199;1.47856;1.46584;178163.5297636986
20160506;1.4658;1.46523;1.47914;1.47191;176306.12983179092
20160509;1.4755200000000002;1.46966;1.48246;1.47538;164452.81982880086
20160510;1.47526;1.46769;1.47789;1.46789;159706.47986314446
20160511;1.46789;1.46639;1.47646;1.46838;158554.83990475535
20160512;1.46834;1.45643;1.46971;1.46126;166784.04986958948
20160513;1.46129;1.45702;1.46413;1.46246;168991.5698889494
20160516;1.46358;1.45894;1.4666;1.45954;130649.95991009475
20160517;1.45954;1.45413;1.4693;1.4603;150334.07993189245
20160518;1.4602700000000002;1.45418;1.4651299999999998;1.46191;175783.62991303205
20160519;1.4619;1.46019;1.4735;1.46679;187508.1098988652
20160520;1.46675;1.46462;1.47564;1.47173;137780.88991625607
20160523;1.4695;1.46874;1.4755200000000002;1.47453;135399.8698323667
20160524;1.47462;1.46016;1.4779799999999998;1.46185;156267.02988043427
20160525;1.46183;1.45139;1.4639799999999998;1.45215;152671.94985294342
20160526;1.45211;1.44342;1.45535;1.45265;145992.13984268904
20160527;1.45269;1.4467299999999998;1.45824;1.44686;137312.09986985475
20160530;1.4476;1.44729;1.45686;1.45306;96401.77993829547
20160531;1.45305;1.44986;1.4628;1.45728;149350.319873631
20160601;1.45727;1.45135;1.46571;1.46302;157775.9799004197
20160602;1.46301;1.45839;1.47061;1.46031;149381.36988264322
20160603;1.4600799999999998;1.45799;1.47222;1.46986;155642.49986138195
20160606;1.46874;1.45477;1.47263;1.45507;152189.83980663866
20160607;1.45498;1.44606;1.45773;1.44625;133433.2397244498
20160608;1.44618;1.44071;1.45094;1.44591;134761.76975029707
20160609;1.44591;1.43834;1.44826;1.43943;143459.7597156167
20160610;1.43917;1.43187;1.4422;1.43772;139093.13971236348
20160613;1.43869;1.43585;1.4499799999999998;1.44928;145035.33971092105
20160614;1.44926;1.43679;1.44936;1.44216;142600.27978450805
20160615;1.44208;1.43947;1.45582;1.4537;144748.7297444567
20160616;1.45371;1.4499799999999998;1.46382;1.45517;182072.62965732068
20160617;1.45519;1.44611;1.45604;1.4534200000000002;149455.46970903873
20160620;1.45528;1.44658;1.46064;1.44814;159016.27974560115
20160621;1.44816;1.43972;1.45164;1.44084;145699.2898221463
20160622;1.44084;1.43825;1.45223;1.4505;142364.06984937936
20160623;1.45035;1.44558;1.45709;1.45169;183399.46986390647
20160624;1.4549;1.42474;1.4579;1.44342;298214.7598531842
20160627;1.43552;1.42952;1.4451;1.44077;225281.51969087124
20160628;1.4407299999999998;1.4347;1.44842;1.44087;178289.33972907066
20160629;1.44081;1.43669;1.44707;1.43862;167725.32988896966
20160630;1.43864;1.43247;1.44442;1.43527;188750.2399550081
20160701;1.43508;1.43305;1.44179;1.43724;149223.75954586267
20160704;1.43632;1.42917;1.43857;1.43244;105967.98983941972
20160705;1.4325;1.43138;1.44656;1.43736;144221.4297773391
20160706;1.43738;1.43406;1.44552;1.43855;190855.88964402679
20160707;1.43855;1.42866;1.43973;1.43814;165400.74953462186
20160708;1.43802;1.43395;1.44677;1.4412;161484.72965849936
20160711;1.44076;1.4393200000000002;1.45359;1.45014;161731.70986352858
20160712;1.45014;1.4387;1.4528299999999998;1.44229;173903.5797699317
20160713;1.44238;1.43658;1.45035;1.43897;172812.9497854188
20160714;1.43898;1.42965;1.44425;1.43282;184827.87957209352
20160715;1.43277;1.42795;1.43821;1.43028;172278.20972371098
20160718;1.42895;1.42869;1.44084;1.43357;146784.0097169131
20160719;1.43346;1.43267;1.44097;1.43474;147805.0897861123
20160720;1.43465;1.43301;1.44104;1.43795;267158.5392410159
20160721;1.43784;1.4322700000000002;1.44368;1.44284;392749.57917732
20160722;1.44261;1.43808;1.45061;1.44072;382053.57893782854
20160725;1.43991;1.43914;1.45397;1.45281;345722.18930703396
20160726;1.45275;1.4472;1.45671;1.44871;386902.81916093826
20160727;1.44867;1.44586;1.45905;1.45831;407374.7091607228
20160728;1.45813;1.45279;1.4628;1.45706;368684.50932014
20160729;1.45706;1.45487;1.46682;1.45675;412543.11926549673
20160801;1.4553;1.4544700000000002;1.46521;1.46446;291607.29936321825
20160802;1.46446;1.45842;1.47222;1.47117;402036.93924598396
20160803;1.47106;1.45658;1.47328;1.45667;352709.62922511995
20160804;1.45659;1.44744;1.45787;1.44857;349273.90940306336
20160805;1.44842;1.44842;1.46265;1.46006;307328.14954674244
20160808;1.45964;1.45485;1.46248;1.45821;259185.3196169734
20160809;1.4582;1.4562700000000002;1.46147;1.45819;271281.3995981738
20160810;1.45818;1.4533200000000002;1.46089;1.45913;293994.3296458572
20160811;1.45913;1.44315;1.4612;1.44712;282016.11963606626
20160812;1.44712;1.44423;1.45226;1.44576;261133.1097377539
20160815;1.44606;1.4428;1.44792;1.44521;223152.22963162512
20160816;1.44521;1.44457;1.45234;1.45059;284352.84973258525
20160817;1.45059;1.4490299999999998;1.45478;1.44968;310147.6195570081
20160818;1.44954;1.4462700000000002;1.45326;1.45095;310079.4191274196
20160819;1.45095;1.44946;1.45912;1.45602;302310.5692206621
20160822;1.4580799999999998;1.4559799999999998;1.46724;1.46544;347509.8892857805
20160823;1.4654;1.4558;1.46583;1.45976;328837.94911891216
20160824;1.45976;1.45282;1.46225;1.45594;346049.0692117214
20160825;1.45596;1.45485;1.46081;1.45776;286904.9894824475
20160826;1.45772;1.4501;1.45877;1.45499;355398.3796495795
20160829;1.45167;1.45167;1.45777;1.45564;329981.84970652306
20160830;1.45564;1.45458;1.45984;1.45943;361596.84960833186
20160831;1.45943;1.45734;1.46543;1.4620799999999998;404914.2394565717
20160901;1.4620799999999998;1.45992;1.46832;1.46687;413632.7095304504
20160902;1.46685;1.44799;1.46828;1.44802;385771.82949145883
20160905;1.44845;1.43952;1.45007;1.44091;260379.76974084968
20160906;1.44078;1.4380000000000002;1.44581;1.44548;373595.85961089283
20160907;1.44549;1.4421;1.45199;1.44799;381194.52952230716
20160908;1.44799;1.44704;1.46102;1.4564700000000002;428389.7794455141
20160909;1.4564700000000002;1.45548;1.46575;1.46544;387869.7895325497
20160912;1.466;1.46333;1.4744700000000002;1.46496;472695.9495126978
20160913;1.46497;1.46431;1.48172;1.47811;455307.46939453477
20160914;1.47805;1.47454;1.48703;1.4841799999999998;416688.26936393225
20160915;1.48396;1.47653;1.4872;1.47946;440889.14945425844
20160916;1.47932;1.47245;1.48388;1.47321;396008.71943924576
20160919;1.47389;1.4651299999999998;1.4766;1.4751;371433.5093192831
20160920;1.47507;1.47031;1.48042;1.4704700000000002;405496.9993527085
20160921;1.4704700000000002;1.46471;1.47511;1.4654;538977.1787939668
20160922;1.46541;1.46121;1.46645;1.46157;471236.94899844384
20160923;1.46157;1.46137;1.48081;1.47771;467813.7291072607
20160926;1.47746;1.47669;1.49054;1.48835;490785.4889057874
20160927;1.4882799999999998;1.47929;1.49241;1.4797;514917.6888715625
20160928;1.47966;1.46675;1.48609;1.46709;525545.4389585853
20160929;1.46709;1.46348;1.47716;1.47474;554912.0389414504
20160930;1.47465;1.46296;1.47793;1.47467;526362.7091591656
20161003;1.47192;1.46846;1.47588;1.47059;422034.6790089607
20161004;1.47063;1.46632;1.48037;1.47777;556561.2788093686
20161005;1.4776200000000002;1.47441;1.4834200000000002;1.4762;467334.6789678931
20161006;1.4762;1.47203;1.48001;1.47363;429490.2591160536
20161007;1.47363;1.46911;1.48927;1.4889;517218.6090242863
20161010;1.47998;1.46508;1.48516;1.46761;312807.43947941065
20161011;1.46761;1.46072;1.47073;1.46606;448177.3992564678
20161012;1.46601;1.45701;1.46603;1.46111;447562.49909677356
20161013;1.46111;1.45711;1.46636;1.45819;442702.2891516685
20161014;1.45819;1.44072;1.45913;1.44126;396316.30930268776
20161017;1.44126;1.43972;1.4479799999999998;1.4439799999999998;365338.98909690976
20161018;1.4439799999999998;1.43614;1.44479;1.43923;348687.6692660302
20161019;1.4393;1.42641;1.4421;1.43896;340126.29938709736
20161020;1.4389299999999998;1.43826;1.45741;1.44573;356842.8692653179
20161021;1.44575;1.43954;1.45182;1.4509299999999998;356260.40927189594
20161024;1.44996;1.44509;1.45785;1.44574;212797.9595015645
20161025;1.44576;1.44422;1.4544;1.45348;157276.1097618863
20161026;1.45341;1.45193;1.46238;1.45941;156873.44975474474
20161027;1.45933;1.45704;1.46338;1.45842;161443.38966286182
20161028;1.45842;1.45809;1.4750299999999998;1.47129;162474.1397908926
20161030;1.47493;1.46922;1.47531;1.47292;1245.6199997067454
20161031;1.47293;1.46455;1.47363;1.47221;150493.67980891466
20161101;1.47216;1.46944;1.48205;1.48015;179769.7397545576
20161102;1.48015;1.47919;1.49099;1.48515;194834.3296845556
20161103;1.48516;1.48019;1.48945;1.4877200000000002;192786.41961860657
20161104;1.48774;1.48504;1.49603;1.49294;175203.26971125606
20161107;1.47545;1.4744700000000002;1.48699;1.47531;173715.38971610367
20161108;1.47526;1.46343;1.47874;1.4649;168999.7997251749
20161109;1.46478;1.45862;1.528;1.46421;364983.3197528273
20161110;1.46409;1.46159;1.47043;1.46706;256390.73970693356
20161111;1.46698;1.46309;1.47553;1.46917;253223.42979601023
20161114;1.46207;1.45252;1.46563;1.45524;256660.75973671675
20161115;1.45524;1.44139;1.4619;1.44165;220585.2897641063
20161116;1.4417;1.43176;1.44495;1.43742;204791.6098011136
20161117;1.43729;1.43029;1.44094;1.43655;197946.0798137784
20161118;1.43622;1.42811;1.4387299999999998;1.42982;221251.10974252227
20161121;1.4292200000000002;1.42214;1.43345;1.42585;214435.34955987328
20161122;1.42572;1.42001;1.4307;1.42804;202669.68963043392
20161123;1.42806;1.41861;1.43053;1.42316;180475.46978765726
20161124;1.42297;1.42184;1.4293;1.42292;154275.34987527132
20161125;1.42277;1.42199;1.43455;1.4298799999999998;194310.01979762322
20161128;1.4317;1.41656;1.43923;1.42343;214341.44952228665
20161129;1.42343;1.42126;1.43131;1.43025;201647.80950185657
20161130;1.43023;1.41886;1.4317;1.4226299999999998;233775.1595362425
20161201;1.42262;1.41247;1.42695;1.4196;216211.94954025745
20161202;1.41961;1.41286;1.42304;1.41728;187201.2497262805
20161205;1.41142;1.4026;1.4296799999999998;1.42828;235119.95980000496
20161206;1.42804;1.42071;1.43048;1.42287;173442.22969406846
20161207;1.42287;1.4209200000000002;1.42866;1.42277;159660.08968367428
20161208;1.42281;1.39888;1.43554;1.39992;194609.24971975386
20161209;1.39992;1.38622;1.40225;1.391;164054.03969395906
20161212;1.38364;1.38196;1.39858;1.39624;182264.42976158852
20161213;1.39624;1.39126;1.39866;1.39513;176619.7296399325
20161214;1.39519;1.39241;1.4029200000000002;1.39903;207166.86951507628
20161215;1.39903;1.38759;1.39932;1.38857;258737.6396594718
20161216;1.38855;1.38816;1.39806;1.39295;197132.21972342575
20161219;1.39179;1.39179;1.40079;1.3946;166514.56978917122
20161220;1.3946;1.38779;1.39626;1.3885;161270.44982436302
20161221;1.3885;1.38798;1.39978;1.398;143593.7399128154
20161222;1.398;1.39794;1.41676;1.4069;150335.92991641164
20161223;1.40676;1.40662;1.4165299999999998;1.41482;110746.35994839668
20161226;1.41219;1.40677;1.41552;1.41156;94164.35017859936
20161227;1.41143;1.41128;1.41999;1.41962;98750.19995331764
20161228;1.41962;1.4080700000000002;1.4219;1.41156;138576.65987038612
20161229;1.41111;1.41059;1.4178;1.41588;166202.50935733318
20161230;1.41595;1.41186;1.43621;1.41272;192543.7496783137
20170102;1.41237;1.40297;1.4145299999999998;1.40432;101278.6799902618
20170103;1.40403;1.38978;1.4079;1.39713;174430.66981509328
20170104;1.39708;1.38781;1.40038;1.39483;205009.1397628933
20170105;1.39476;1.39415;1.40409;1.4024299999999998;236086.7596554756
20170106;1.4024299999999998;1.4022;1.40363;1.40277;6008.929995946583
20170109;1.39441;1.39308;1.39928;1.39721;169805.25966405126
20170110;1.39722;1.39413;1.40341;1.3964299999999998;195324.2095691413
20170111;1.3966;1.38541;1.39893;1.39451;238103.08953592175
20170112;1.39448;1.38595;1.40188;1.39484;225495.43967885524
20170113;1.39487;1.39362;1.40115;1.39527;206566.4894887805
20170116;1.39245;1.39041;1.39837;1.3965;158838.35976795104
20170117;1.3965;1.39152;1.3993;1.39718;231447.1296471209
20170118;1.39709;1.39539;1.41417;1.41035;224917.38950964066
20170119;1.41025;1.40724;1.42049;1.41991;233610.49958431718
20170120;1.41991;1.41878;1.42723;1.42415;234408.81952913105
20170123;1.42574;1.42275;1.43071;1.42462;219450.65959277004
20170124;1.4247;1.4097;1.42861;1.4119700000000002;204592.71971654886
20170125;1.4119700000000002;1.40169;1.41286;1.40451;203679.01967135075
20170126;1.4044;1.39652;1.4076;1.39804;197471.21969825032
20170127;1.398;1.39728;1.40704;1.40673;182809.39968574047
20170130;1.40801;1.39613;1.4100700000000002;1.40272;188589.97973537442
20170131;1.40246;1.39925;1.40969;1.4069;239221.4895257429
20170201;1.40677;1.40276;1.41303;1.4051;224181.54948341846
20170202;1.40511;1.40075;1.40894;1.4013799999999998;210675.37960579246
20170203;1.4013799999999998;1.39905;1.40573;1.4046299999999998;206789.52961097658
20170206;1.40525;1.39693;1.40989;1.40632;199409.28958853328
20170207;1.40632;1.40181;1.40976;1.40831;205378.72955062985
20170208;1.40838;1.39964;1.40959;1.40616;204725.46939983964
20170209;1.40606;1.3974;1.4068;1.40047;192533.6795554459
20170210;1.40042;1.38842;1.40139;1.39169;193440.68953514105
20170213;1.39014;1.38428;1.39467;1.3851;178558.61948412657
20170214;1.3851;1.38044;1.38701;1.38296;188869.62953355163
20170215;1.3828;1.3783299999999998;1.38725;1.38623;194546.9695449099
20170216;1.38611;1.38435;1.39605;1.39507;190748.2396280095
20170217;1.39514;1.38879;1.39591;1.38923;173282.07961392406
20170220;1.38909;1.38805;1.39298;1.3905;123071.32986018807
20170221;1.3905;1.38354;1.39117;1.38448;154901.22983074188
20170222;1.38437;1.38036;1.3933799999999998;1.38975;171644.97980029136
20170223;1.38968;1.38456;1.3898;1.38659;166310.81974770874
20170224;1.38655;1.38237;1.39178;1.38237;168610.05965608358
20170227;1.38322;1.38315;1.3953799999999998;1.39503;165223.22971390933
20170228;1.39505;1.39375;1.41026;1.40666;194361.56959956887
20170301;1.4066299999999998;1.40061;1.41054;1.40528;218242.5195150897
20170302;1.40538;1.40382;1.40879;1.40685;176800.48968306184
20170303;1.40676;1.4059;1.42107;1.42024;188350.3897179961
20170306;1.41931;1.41718;1.4239;1.41883;165717.78959870338
20170307;1.41876;1.41565;1.42028;1.41717;157989.83955637366
20170308;1.41695;1.41594;1.42361;1.42169;177102.35950850695
20170309;1.42162;1.42031;1.43348;1.4288299999999998;208204.6095821932
20170310;1.4288;1.42727;1.43993;1.43756;197725.49959850308
20170312;1.43616;1.43612;1.43806;1.43739;1156.2300009727478
20170313;1.43739;1.43194;1.44173;1.43245;185074.84953624013
20170314;1.43243;1.42901;1.43538;1.43016;168919.66958737373
20170315;1.43016;1.42445;1.4322;1.42787;187367.329559356
20170316;1.42789;1.4241;1.43787;1.4342;204215.4395737648
20170317;1.43414;1.42864;1.43675;1.43345;172758.39961004257
20170319;1.4321;1.43209;1.43396;1.43287;1276.3400001525874
20170320;1.43287;1.43157;1.43766;1.43376;147205.79963433745
20170321;1.43372;1.43082;1.4445;1.44288;189476.14953792095
20170322;1.44287;1.43811;1.4493;1.43882;180961.10961937907
20170323;1.4388;1.43572;1.44067;1.43979;164385.15959626436
20170324;1.43979;1.43761;1.44692;1.44416;158609.78952908516
20170327;1.44755;1.44478;1.45994;1.45316;166792.91962066293
20170328;1.45306;1.4441;1.45602;1.44682;147725.1996279359
20170329;1.44677;1.43303;1.44908;1.43456;157521.33965957165
20170330;1.43457;1.42074;1.43563;1.4235799999999998;156756.38979712132
20170331;1.4235799999999998;1.41749;1.42761;1.41828;158329.15969526768
20170403;1.41865;1.41776;1.42997;1.4276;138420.44963556528
20170404;1.4276;1.42647;1.43376;1.43033;133480.7497008741
20170405;1.43014;1.4264;1.4339;1.43229;147703.09962183234
20170406;1.43242;1.42672;1.43562;1.42762;143939.3197003007
20170407;1.42743;1.41792;1.42945;1.41897;163294.54963291436
20170410;1.41811;1.41152;1.4213;1.41195;124798.49975180624
20170411;1.4118700000000002;1.40896;1.41931;1.4129200000000002;126188.9797232151
20170412;1.41279;1.40638;1.41551;1.41323;154378.59966528413
20170413;1.41331;1.40525;1.41609;1.41446;142059.9796693325
20170414;1.41424;1.41256;1.4158;1.41351;80310.90992099048
20170417;1.4127;1.41139;1.4179;1.4169999999999998;94273.28974956274
20170418;1.41697;1.41665;1.43804;1.43566;156884.23963814974
20170419;1.43564;1.43505;1.44591;1.44432;136416.5196170509
20170420;1.44432;1.44325;1.45331;1.44337;136058.41966827214
20170421;1.44331;1.43967;1.4481700000000002;1.4466;129517.38970228285
20170424;1.46904;1.45586;1.47036;1.4671299999999998;169024.3196753189
20170425;1.46718;1.46648;1.49071;1.48265;150525.709744215
20170426;1.4824;1.47322;1.48554;1.48462;171141.85976672173
20170427;1.48468;1.47555;1.48924;1.48203;165340.77979353815
20170428;1.48204;1.48012;1.49406;1.48705;151785.40965405107
20170501;1.48992;1.48648;1.49376;1.49087;91887.7598068714
20170502;1.4907700000000002;1.48966;1.5001;1.49812;138910.799703151
20170503;1.49814;1.49258;1.50098;1.49415;150106.01976522803
20170504;1.4941799999999998;1.49275;1.51202;1.50999;176932.30971670148
20170505;1.51003;1.4996200000000002;1.51518;1.50072;188138.5696567893
20170508;1.50433;1.49506;1.50491;1.49553;173821.38963499665
20170509;1.49553;1.48865;1.49806;1.49167;166744.749684453
20170510;1.49147;1.48249;1.49554;1.48387;161062.3897011876
20170511;1.48377;1.4835;1.49454;1.4875200000000002;158124.09965908527
20170512;1.48751;1.48705;1.49981;1.4983799999999998;148687.36964452267
20170515;1.49653;1.48994;1.50059;1.49607;145542.59967756268
20170516;1.49599;1.49557;1.51;1.5077;161002.75012242794
20170517;1.50771;1.50742;1.52128;1.51796;186800.98031553626
20170518;1.51797;1.50914;1.52075;1.51011;207499.88991191983
20170519;1.51009;1.5089;1.52051;1.51376;159878.71005798876
20170522;1.51237;1.50855;1.5209;1.51724;135993.72001419213
20170523;1.51717;1.50932;1.51998;1.51115;170028.53004802018
20170524;1.51102;1.50145;1.51427;1.50395;173188.99015903473
20170525;1.50395;1.50292;1.51216;1.5116;153972.3500571847
20170526;1.5116;1.50128;1.51259;1.50308;142963.63010925055
20170529;1.50152;1.5008;1.50565;1.5012299999999998;84085.80024534464
20170530;1.5012299999999998;1.49688;1.51049;1.5053;130192.99042147398
20170531;1.50524;1.50177;1.52;1.51784;144994.55025801808
20170601;1.5178;1.51099;1.51905;1.51527;133314.45023953915
20170602;1.51515;1.51488;1.52581;1.52003;132302.38034249097
20170605;1.52018;1.51389;1.52268;1.51614;114617.69006460904
20170606;1.51611;1.51244;1.51999;1.51701;130282.9302932024
20170607;1.517;1.5063799999999998;1.52324;1.52044;140897.24024035037
20170608;1.52028;1.51202;1.52188;1.51406;146317.2000376284
20170609;1.51419;1.50121;1.51934;1.50713;161776.81009291112
20170612;1.50807;1.49192;1.51054;1.49244;126182.89008629322
20170613;1.49248;1.47936;1.49298;1.4844;127995.71010956168
20170614;1.48436;1.47757;1.49198;1.4857;182357.25004939735
20170615;1.4857;1.47829;1.48654;1.47862;160160.700034827
20170616;1.4786;1.47619;1.48469;1.47897;134478.79015853256
20170619;1.48043;1.4726;1.48338;1.47358;116997.45005738734
20170620;1.47354;1.47274;1.4822;1.47706;136016.03005105257
20170621;1.47698;1.4763;1.48922;1.48904;148610.50997494164
20170622;1.48898;1.47361;1.48948;1.47553;126066.82008718699
20170623;1.4755;1.47405;1.48796;1.48443;110576.02001480758
20170626;1.48469;1.47872;1.48599;1.48065;115293.98005127162
20170627;1.48065;1.48005;1.49726;1.49629;151582.49003370848
20170628;1.49627;1.4783;1.49785;1.48324;191395.770014368
20170629;1.48312;1.48235;1.48958;1.48718;172514.72994927314
20170630;1.48717;1.47802;1.48842;1.48074;164353.2100622654
20170703;1.48062;1.47364;1.4831299999999998;1.47801;117337.30007678267
20170704;1.47801;1.46522;1.47876;1.46687;123182.76002125445
20170705;1.46687;1.46572;1.4745700000000002;1.47074;150446.3700131178
20170706;1.47061;1.46741;1.48264;1.4821;142758.83988165855
20170707;1.48215;1.46507;1.4835200000000002;1.46749;153762.7298180461
20170710;1.46761;1.46568;1.47292;1.4694;121976.1198829636
20170711;1.4694;1.46724;1.48296;1.48082;136696.12987413254
20170712;1.48082;1.44796;1.4826;1.45492;173736.47980690002
20170713;1.45487;1.44825;1.4594;1.44982;166759.41977709535
20170714;1.44973;1.44849;1.45891;1.45014;146718.8098886013
20170717;1.45049;1.44835;1.45758;1.4573;133654.84982991221
20170718;1.45728;1.45376;1.46717;1.45891;186455.0897892117
20170719;1.45876;1.4484;1.45926;1.45129;136710.1298832968
20170720;1.4513200000000002;1.44783;1.46761;1.46385;192046.69000081715
20170721;1.46378;1.45947;1.46828;1.46193;159671.58986539394
20170724;1.4618799999999998;1.45314;1.46467;1.45606;137727.10989937928
20170725;1.45593;1.45461;1.46366;1.45684;154643.64988348633
20170726;1.45679;1.45317;1.46356;1.46009;177966.14985251427
20170727;1.45993;1.45555;1.46838;1.46534;184342.52986824512
20170728;1.46522;1.4580799999999998;1.47131;1.46022;170787.18988040835
20170731;1.46083;1.46006;1.47824;1.4776;163364.99989420176
20170801;1.47761;1.4709;1.4826;1.47949;168201.37989723682
20170802;1.47948;1.47927;1.4937;1.49015;169629.959869802
20170803;1.49015;1.48902;1.49597;1.49354;158491.86988788846
20170804;1.49327;1.48331;1.49576;1.489;155058.41989916563
20170807;1.48897;1.48846;1.49823;1.49522;118778.22992563248
20170808;1.49507;1.48372;1.49937;1.48835;138261.8799198717
20170809;1.48835;1.48609;1.49365;1.49272;165074.5699068308
20170810;1.49279;1.48714;1.50078;1.50005;156563.37990403175
20170811;1.5001;1.49469;1.50177;1.49812;166093.31988893446
20170814;1.4973;1.49413;1.50116;1.49835;136277.73002177474
20170815;1.49841;1.49196;1.50048;1.49676;156188.05999969688
20170816;1.4967700000000002;1.48422;1.4985700000000002;1.48455;160817.4499122426
20170817;1.48471;1.47295;1.48737;1.48654;165939.9699511528
20170818;1.48654;1.47493;1.4880799999999998;1.47926;166164.2399167195
20170821;1.47706;1.47649;1.48749;1.48356;132560.47990959886
20170822;1.48359;1.47266;1.484;1.4772;139106.58989208937
20170823;1.47716;1.47695;1.48661;1.48236;150571.92988437414
20170824;1.48236;1.47639;1.48264;1.4769;139803.24990719554
20170825;1.47691;1.47309;1.49017;1.48766;162380.7099398747
20170828;1.4899;1.48509;1.49843;1.49816;129715.47997641565
20170829;1.49809;1.4962799999999998;1.5074299999999998;1.49778;198753.28990386426
20170830;1.49761;1.49459;1.50418;1.49964;172566.92990456524
20170831;1.49963;1.48514;1.50519;1.48632;174145.64002116024
20170901;1.48626;1.46807;1.48918;1.46982;175700.8699888289
20170904;1.47587;1.47023;1.48;1.47645;117960.17004722355
20170905;1.47644;1.46946;1.47709;1.4739799999999998;173266.11998838186
20170906;1.4739;1.44831;1.4811;1.45678;171039.59012527767
20170907;1.45673;1.45238;1.46616;1.45624;193119.72012537718
20170908;1.4562;1.45509;1.46328;1.46315;191332.98005604747
20170911;1.46089;1.44715;1.46115;1.44728;149388.8001190871
20170912;1.44723;1.44658;1.45818;1.45806;162931.1899909526
20170913;1.45806;1.44656;1.45898;1.44665;153197.11005154994
20170914;1.44664;1.4442;1.45333;1.44971;159593.56016086042
20170915;1.44949;1.4483700000000002;1.4604700000000002;1.45626;177574.90013343093
20170918;1.4524;1.45133;1.47256;1.46897;149952.86006454378
20170919;1.46897;1.46773;1.47682;1.47412;165527.7101282552
20170920;1.47407;1.46389;1.47584;1.46522;228509.81912652397
20170921;1.46519;1.46446;1.47382;1.47172;242205.0299059748
20170922;1.4717;1.46579;1.47559;1.47393;158771.06008859724
20170925;1.4671299999999998;1.46144;1.47293;1.46545;155274.06010764837
20170926;1.46528;1.4551;1.4681799999999998;1.45618;166463.41009771824
20170927;1.45621;1.44876;1.46668;1.46531;188580.0702943205
20170928;1.46531;1.46326;1.47095;1.46418;165697.22029581663
20170929;1.46429;1.46392;1.48043;1.47262;159930.60010570288
20171002;1.47186;1.46628;1.47404;1.4675;146902.1602177769
20171003;1.46747;1.46601;1.47205;1.46635;148690.40017336607
20171004;1.46627;1.4650299999999998;1.46923;1.46685;144114.20012042669
20171005;1.46685;1.46355;1.47274;1.47122;137632.62017454952
20171006;1.47128;1.46668;1.47369;1.47024;159938.780113101
20171009;1.46986;1.46902;1.47452;1.47305;95354.36010798068
20171010;1.47305;1.47242;1.479;1.47776;150253.1501141861
20171011;1.47777;1.4764700000000002;1.48381;1.47698;157411.53021679074
20171012;1.47686;1.47421;1.48001;1.47553;148328.88017345965
20171013;1.47551;1.47223;1.48207;1.47306;151871.82020308822
20171016;1.47328;1.47003;1.48143;1.47639;132629.2301910296
20171017;1.47635;1.47249;1.47888;1.47305;136255.8602047488
20171018;1.47305;1.46849;1.47368;1.46939;150274.30025774986
20171019;1.4693200000000002;1.46866;1.47992;1.47943;158252.28030771017
20171020;1.47944;1.4739799999999998;1.48771;1.48732;166045.13011956215
20171023;1.48432;1.48194;1.48841;1.48564;128187.10023736955
20171024;1.48566;1.48446;1.49441;1.49054;137947.54019020498
20171025;1.49056;1.48951;1.51331;1.51142;169954.70034635067
20171026;1.5114;1.49635;1.51451;1.49663;159347.52026042342
20171027;1.49656;1.48652;1.4996;1.48652;167812.1401276961
20171029;1.48765;1.48747;1.48886;1.48753;3944.6199977993956
20171030;1.48754;1.48704;1.4955;1.49442;128399.16012394428
20171031;1.49443;1.4921799999999998;1.50405;1.5011;129545.78014010195
20171101;1.5011;1.49369;1.50259;1.4947700000000002;143408.89014968276
20171102;1.4947700000000002;1.4923;1.49906;1.4933299999999998;167959.02012425664
20171103;1.4933299999999998;1.48022;1.49625;1.48135;156248.97023248672
20171106;1.4821;1.47461;1.48354;1.47464;130268.39005398752
20171107;1.47463;1.47388;1.48367;1.48019;135745.52024924755
20171108;1.4801;1.47358;1.4811299999999998;1.47549;121746.35015581547
20171109;1.47572;1.47452;1.47937;1.47632;148917.8502933234
20171110;1.47621;1.47383;1.48111;1.47893;135971.04026797414
20171113;1.47862;1.47702;1.48586;1.48534;102814.97022206336
20171114;1.48536;1.485;1.50276;1.50187;133809.31023676693
20171115;1.50184;1.50093;1.51252;1.5048700000000002;154849.0702194497
20171116;1.50478;1.4981;1.50663;1.5012299999999998;129467.3803076148
20171117;1.5012299999999998;1.50066;1.51231;1.50507;137050.23034131527
20171120;1.50449;1.49868;1.5077200000000002;1.50403;142357.99036872387
20171121;1.5039;1.49601;1.50813;1.49978;134365.5002347976
20171122;1.49978;1.49611;1.50293;1.50083;136149.00030240414
20171123;1.50058;1.50014;1.50752;1.5067;106355.74054607004
20171124;1.5067;1.5054;1.51771;1.51523;127721.98018700632
20171127;1.51465;1.51326;1.51974;1.51913;138423.70014321804
20171128;1.51914;1.51617;1.52333;1.51695;150735.49018278718
20171129;1.51681;1.51583;1.52551;1.52385;152833.87030036747
20171130;1.52375;1.52228;1.53718;1.5349;156822.5401486084
20171201;1.53493;1.5084799999999998;1.53565;1.5086700000000002;195836.07017564029
20171204;1.50653;1.49987;1.5102;1.50366;148069.98026704046
20171205;1.50363;1.49502;1.5053299999999998;1.50013;139287.0302213058
20171206;1.50008;1.49219;1.50964;1.50834;141569.02030760795
20171207;1.50831;1.508;1.51813;1.51314;124747.91026319565
20171208;1.51314;1.50479;1.51464;1.51203;131117.3101396188
20171211;1.51152;1.51152;1.51816;1.51275;123771.2303224802
20171212;1.51275;1.50846;1.51422;1.51049;127512.8302641511
20171213;1.51044;1.50795;1.51663;1.51566;140326.77025087178
20171214;1.51566;1.49973;1.52262;1.50672;165549.28030902147
20171215;1.50672;1.50161;1.51559;1.51164;156432.24032837152
20171218;1.51081;1.51059;1.5215;1.5154;131378.57032174614
20171219;1.5154;1.51502;1.52704;1.5243;143910.7103325352
20171220;1.52416;1.51863;1.53014;1.52314;130685.74031966926
20171221;1.52314;1.50705;1.52552;1.51258;128258.7503398806
20171222;1.51266;1.50476;1.5168700000000002;1.50912;127457.66031327845
20171225;1.50623;1.50611;1.50995;1.50898;2878.1600035428996
20171226;1.51063;1.50414;1.51147;1.50436;58995.680407285676
20171227;1.50436;1.50191;1.50731;1.50422;113575.37050451338
20171228;1.50406;1.50005;1.50647;1.50032;103653.73028461637
20171229;1.50051;1.4994;1.51078;1.50841;113248.88033229858