Episode;Duration;Value;Epsilon
1;0:01:31.784120;8829.295884459383;1.0
2;0:02:16.960978;7928.683333517994;0.999
3;0:01:05.106855;7791.32258289924;0.998
4;0:01:09.691676;8341.327278873063;0.997
5;0:01:00.059005;5846.332376866611;0.996
6;0:01:03.982897;6814.6029687497075;0.995
7;0:01:08.013698;7513.607232433989;0.994
8;0:01:02.089531;7041.2114198003665;0.993
9;0:01:06.548834;8364.92405612716;0.992
10;0:01:05.404721;6525.3880621090375;0.991
11;0:00:58.000652;6302.103783531438;0.99
12;0:01:01.356910;6933.151309770661;0.989
13;0:01:03.794115;7369.595496892025;0.988
14;0:01:05.398938;8628.941817937184;0.987
15;0:01:06.747365;9330.740298822424;0.986
16;0:01:00.513654;6487.441579481988;0.985
17;0:01:00.489629;5737.9306949340735;0.984
18;0:01:03.413411;7596.699909028305;0.983
19;0:01:05.986304;8326.394830194311;0.982
20;0:01:03.613031;5833.2386205930525;0.981
21;0:01:00.323429;6099.25681038916;0.98
22;0:01:00.121986;5703.992346795775;0.979
23;0:00:59.209238;5466.797926204201;0.978
24;0:00:59.454493;6020.753665706922;0.977
25;0:01:02.055626;7108.993080943175;0.976
26;0:01:04.099763;8212.21029605662;0.975
27;0:01:06.288121;7814.745339834571;0.974
28;0:01:00.110469;6441.287438231375;0.973
29;0:01:05.680090;8202.275855175543;0.972
30;0:01:04.650099;8381.899297166907;0.971
31;0:01:10.210417;7736.784088750633;0.97
32;0:01:03.814309;7116.9299318575195;0.969
33;0:00:57.986212;7023.184617726812;0.968
34;0:01:07.083714;7683.710216995922;0.967
35;0:01:05.692745;7024.293845691536;0.966
36;0:01:06.280542;7659.61004591427;0.965
37;0:01:01.352704;6994.534507665505;0.964
38;0:01:02.903417;7975.953968302538;0.963
39;0:01:09.522107;9475.001505436026;0.962
40;0:00:59.684510;6197.475068566726;0.961
41;0:01:08.905042;8744.40244541042;0.96
42;0:01:00.563251;5255.149178056698;0.959
43;0:00:58.413961;5932.7291037300265;0.958
44;0:00:58.477850;5311.190254754321;0.957
45;0:01:02.670470;6598.390906060481;0.956
46;0:01:00.575652;6426.39051489829;0.955
47;0:01:04.315168;7452.142710412845;0.954
48;0:01:08.560593;8637.984368652007;0.953
49;0:01:01.842431;5918.143883875714;0.952
50;0:01:04.605915;6466.888540156671;0.951
51;0:00:58.331477;5545.85094751467;0.95
52;0:00:58.257309;7122.372974162757;0.949
53;0:01:03.208252;7117.84316833236;0.948
54;0:01:04.212473;8263.486032197436;0.947
55;0:01:05.452481;8051.609591026481;0.946
56;0:01:04.299103;7965.460895967188;0.945
57;0:01:03.214199;7362.960765012406;0.944
58;0:01:01.157299;6845.921245838485;0.943
59;0:01:00.770861;6709.123851406872;0.942
60;0:01:04.784093;8601.784628924113;0.941
61;0:01:05.313235;8596.998258661148;0.94
62;0:01:03.754181;8823.669856276725;0.939
63;0:01:00.795507;6806.000883427882;0.938
64;0:00:59.966418;7022.844331540649;0.9369999999999999
65;0:01:04.589636;7819.604859689047;0.9359999999999999
66;0:01:03.893502;8081.434230937848;0.9349999999999999
67;0:01:11.498160;9910.409893090045;0.9339999999999999
68;0:00:58.462883;6750.463789908112;0.9329999999999999
69;0:01:00.173548;7472.50435694315;0.9319999999999999
70;0:01:04.146943;7460.364080318813;0.9309999999999999
71;0:01:02.422238;7839.483385073007;0.9299999999999999
72;0:01:03.457471;8102.944388702091;0.9289999999999999
73;0:00:58.242974;6137.990751987216;0.9279999999999999
74;0:01:09.410160;9370.46986529017;0.9269999999999999
75;0:01:02.778980;7349.431104159775;0.9259999999999999
76;0:01:04.783001;8967.898652155787;0.9249999999999999
77;0:01:01.024242;6646.4517565919305;0.9239999999999999
78;0:01:03.809498;6781.972055819405;0.9229999999999999
79;0:01:02.061312;7630.335933265144;0.9219999999999999
80;0:00:59.440014;7458.4831620440455;0.9209999999999999
81;0:01:03.590193;7429.43950113369;0.9199999999999999
82;0:01:00.854422;7634.28117397133;0.9189999999999999
83;0:01:11.513448;9589.805086131231;0.9179999999999999
84;0:01:01.283892;7440.078059572339;0.9169999999999999
85;0:01:03.225406;9310.759298144398;0.9159999999999999
86;0:01:02.240652;8275.384581240907;0.9149999999999999
87;0:01:01.465166;7622.154467976832;0.9139999999999999
88;0:01:03.272328;7621.996928794642;0.9129999999999999
89;0:00:58.739004;6264.088764004441;0.9119999999999999
90;0:01:03.552964;6027.478044497781;0.9109999999999999
91;0:00:57.416870;6177.572052682393;0.9099999999999999
92;0:01:00.449029;7983.79181933821;0.9089999999999999
93;0:01:01.516176;6691.5308075355115;0.9079999999999999
94;0:00:58.415015;6767.630691118571;0.9069999999999999
95;0:01:03.545621;8663.54597322858;0.9059999999999999
96;0:01:02.537628;7723.305785897121;0.9049999999999999
97;0:00:55.826386;5126.6284318156195;0.9039999999999999
98;0:01:05.583762;7768.445444667369;0.9029999999999999
99;0:01:06.741270;9966.906208005888;0.9019999999999999
100;0:01:02.351168;6961.113656623602;0.9009999999999999
101;0:00:58.279233;6250.29058248636;0.8999999999999999
102;0:01:04.018698;9094.526687723444;0.8989999999999999
103;0:01:00.477301;7831.092635082226;0.8979999999999999
104;0:01:07.515654;9150.642283971669;0.8969999999999999
105;0:01:03.910512;10123.803590895512;0.8959999999999999
106;0:01:06.714724;8008.2452010479565;0.8949999999999999
107;0:01:00.051358;6733.351079853028;0.8939999999999999
108;0:01:00.369458;6912.232303765511;0.8929999999999999
109;0:01:06.431752;9432.926442057287;0.8919999999999999
110;0:01:00.452833;7623.807633179026;0.8909999999999999
111;0:00:57.326795;7250.21565338142;0.8899999999999999
112;0:01:01.873864;8326.027559233227;0.8889999999999999
113;0:01:06.295515;9580.528979680439;0.8879999999999999
114;0:00:59.166568;6144.090910273735;0.8869999999999999
115;0:00:59.411462;6950.882914894035;0.8859999999999999
116;0:01:08.547481;9042.529697770704;0.8849999999999999
117;0:00:58.708327;6542.9718195837395;0.8839999999999999
118;0:01:00.991510;7150.5867334785535;0.8829999999999999
119;0:00:58.565903;8084.8656159136435;0.8819999999999999
120;0:01:01.603874;7312.694492820561;0.8809999999999999
121;0:00:56.680691;6011.421135675267;0.8799999999999999
122;0:00:59.944838;7788.609272726997;0.8789999999999999
123;0:01:02.137684;7295.073203749474;0.8779999999999999
124;0:01:02.486293;8222.34402670123;0.8769999999999999
125;0:00:56.623891;6228.162335502982;0.8759999999999999
126;0:01:02.280887;8262.101130158564;0.8749999999999999
127;0:01:02.448860;9045.561987597432;0.8739999999999999
128;0:01:05.232817;8267.881839275662;0.8729999999999999
129;0:01:03.747011;7612.520898034281;0.8719999999999999
130;0:00:57.413430;6952.1887498808965;0.8709999999999999
131;0:01:04.751978;7809.904943853234;0.8699999999999999
132;0:01:00.645127;8176.623276846502;0.8689999999999999
133;0:00:59.844037;7847.728024135171;0.8679999999999999
134;0:01:00.686700;7402.635211656865;0.8669999999999999
135;0:01:04.377971;7907.21127288208;0.8659999999999999
136;0:00:58.652202;8164.058889672899;0.8649999999999999
137;0:00:57.951082;6983.792009264427;0.8639999999999999
138;0:01:00.142665;6576.42307069509;0.8629999999999999
139;0:01:00.608704;7231.026167433021;0.8619999999999999
140;0:00:56.060167;6698.919538715191;0.8609999999999999
141;0:01:05.294436;8194.484914439929;0.8599999999999999
142;0:01:00.702694;6421.834120736516;0.8589999999999999
143;0:01:00.379313;7246.370970804703;0.8579999999999999
144;0:01:03.214123;7707.528936727246;0.8569999999999999
145;0:00:59.987255;8597.790247014576;0.8559999999999999
146;0:01:04.287779;7348.343233238079;0.8549999999999999
147;0:01:05.343945;10673.570045878656;0.8539999999999999
148;0:00:59.073747;7547.540462757938;0.8529999999999999
149;0:01:03.822371;8149.133527153703;0.8519999999999999
150;0:01:00.848854;7393.528085485615;0.8509999999999999
151;0:00:59.686117;7991.8674909821175;0.8499999999999999
152;0:01:02.556242;6394.312867446385;0.8489999999999999
153;0:01:01.678954;7361.336181665831;0.8479999999999999
154;0:01:01.301046;7625.502634526619;0.8469999999999999
155;0:01:03.577205;7615.773535443305;0.8459999999999999
156;0:01:00.547061;7448.719123194159;0.8449999999999999
157;0:01:03.643726;7748.413151158273;0.8439999999999999
158;0:01:06.421968;8559.689037343542;0.8429999999999999
159;0:01:04.294703;7617.4645846855;0.8419999999999999
160;0:01:07.924144;9600.150199888509;0.8409999999999999
161;0:01:00.289758;6768.486114376327;0.8399999999999999
162;0:01:00.338937;8688.812306248536;0.8389999999999999
163;0:01:01.604182;7923.33528407327;0.8379999999999999
164;0:01:04.591170;8170.707477346482;0.8369999999999999
165;0:00:56.824515;6751.9418350014175;0.8359999999999999
166;0:00:59.519918;6772.4581583348945;0.8349999999999999
167;0:01:00.732796;7331.710361067742;0.8339999999999999
168;0:01:04.489354;8988.021993131004;0.8329999999999999
169;0:00:58.605315;5838.299629346468;0.8319999999999999
170;0:01:01.981759;8640.186388588945;0.8309999999999998
171;0:01:04.533477;8336.942749156527;0.8299999999999998
172;0:00:57.901072;6308.802915035098;0.8289999999999998
173;0:01:03.028650;7958.855157928971;0.8279999999999998
174;0:01:02.781382;7486.31979193665;0.8269999999999998
175;0:01:00.948420;7589.600257158434;0.8259999999999998
176;0:01:00.027348;6862.90058840339;0.8249999999999998
177;0:00:59.510208;6531.3553344527945;0.8239999999999998
178;0:01:03.890401;8578.783098418206;0.8229999999999998
179;0:01:01.604021;7144.684389715854;0.8219999999999998
180;0:00:58.971691;7335.010010291875;0.8209999999999998
181;0:01:08.408801;11739.533225925923;0.8199999999999998
182;0:00:59.942316;6533.854837848303;0.8189999999999998
183;0:00:56.674545;5925.991753894732;0.8179999999999998
184;0:01:01.869615;9889.859821146572;0.8169999999999998
185;0:01:04.388425;8518.595882850075;0.8159999999999998
186;0:01:00.451924;8359.279261155647;0.8149999999999998
187;0:01:00.861996;7365.765902521347;0.8139999999999998
188;0:01:00.671367;8908.205392036785;0.8129999999999998
189;0:00:59.886567;8027.929913574937;0.8119999999999998
190;0:00:55.006204;7311.75130523105;0.8109999999999998
191;0:01:02.576277;10530.924985271524;0.8099999999999998
192;0:01:00.951528;8379.659438199089;0.8089999999999998
193;0:00:58.999041;8353.891521335949;0.8079999999999998
194;0:01:02.822855;8739.906520540973;0.8069999999999998
195;0:00:58.277142;7717.26375792807;0.8059999999999998
196;0:01:01.314514;10797.38597665234;0.8049999999999998
197;0:01:00.606320;8635.915468219348;0.8039999999999998
198;0:00:57.915602;6934.159502866369;0.8029999999999998
199;0:01:03.165458;6958.908629299597;0.8019999999999998
200;0:01:04.382865;8901.357361940762;0.8009999999999998
201;0:01:00.585384;7141.280457649735;0.7999999999999998
202;0:01:02.893833;7887.761867972269;0.7989999999999998
203;0:01:02.098675;8034.440324274483;0.7979999999999998
204;0:01:05.429734;7893.342260600305;0.7969999999999998
205;0:01:04.001769;8698.333284995879;0.7959999999999998
206;0:00:58.721867;7677.168752577062;0.7949999999999998
207;0:00:58.783811;8948.170841741952;0.7939999999999998
208;0:00:59.706741;7514.975084246942;0.7929999999999998
209;0:01:01.751705;8302.946874472553;0.7919999999999998
210;0:01:02.651889;8782.693793909231;0.7909999999999998
211;0:01:01.683523;8471.687247859378;0.7899999999999998
212;0:00:58.830798;7665.390561420974;0.7889999999999998
213;0:00:53.991402;6194.3754309006645;0.7879999999999998
214;0:00:59.931786;8605.780138668519;0.7869999999999998
215;0:00:58.271740;7722.959248669876;0.7859999999999998
216;0:00:57.380671;7241.977380909146;0.7849999999999998
217;0:00:56.073139;6654.9519040969435;0.7839999999999998
218;0:00:57.910034;8010.48341770824;0.7829999999999998
219;0:00:57.839157;7546.338429547414;0.7819999999999998
220;0:01:01.586735;9388.504800535644;0.7809999999999998
221;0:00:57.748621;7433.50574216017;0.7799999999999998
222;0:00:58.967391;8517.057637324517;0.7789999999999998
223;0:01:00.227169;8628.626396391008;0.7779999999999998
224;0:01:02.076876;9332.962650058585;0.7769999999999998
225;0:01:01.484537;9529.711538876336;0.7759999999999998
226;0:00:59.203720;7548.066622421243;0.7749999999999998
227;0:01:04.802995;8501.396703070322;0.7739999999999998
228;0:01:00.679635;6692.0822580731;0.7729999999999998
229;0:01:02.215919;8654.7690347854;0.7719999999999998
230;0:01:02.186611;9494.904847498354;0.7709999999999998
231;0:00:58.374678;7712.720753425924;0.7699999999999998
232;0:00:57.149063;7332.5955883270335;0.7689999999999998
233;0:01:00.770283;7791.243440912149;0.7679999999999998
234;0:00:56.544891;7959.233291411591;0.7669999999999998
235;0:01:00.150856;8514.993136583074;0.7659999999999998
236;0:00:57.259339;8441.294594163537;0.7649999999999998
237;0:01:07.160232;10223.274077286515;0.7639999999999998
238;0:01:00.514356;7379.863292930606;0.7629999999999998
239;0:00:57.855578;7305.232733003855;0.7619999999999998
240;0:00:59.869634;8515.328437379985;0.7609999999999998
241;0:00:53.416512;5981.54373369616;0.7599999999999998
242;0:01:03.899286;8717.683116024546;0.7589999999999998
243;0:01:02.812655;9011.450810885488;0.7579999999999998
244;0:00:57.221715;7375.030749205645;0.7569999999999998
245;0:01:03.892574;10748.143349565866;0.7559999999999998
246;0:01:03.415683;11226.453615173048;0.7549999999999998
247;0:01:00.411648;6528.431642677219;0.7539999999999998
248;0:00:58.663618;7660.24896283036;0.7529999999999998
249;0:01:01.817813;8191.031584909909;0.7519999999999998
250;0:00:59.679447;7925.431975861548;0.7509999999999998
251;0:00:58.112713;7941.491878729301;0.7499999999999998
252;0:00:58.370239;8753.011539219407;0.7489999999999998
253;0:00:57.827427;6735.112083147512;0.7479999999999998
254;0:00:59.771147;9947.488270825039;0.7469999999999998
255;0:01:01.312609;9234.701973171514;0.7459999999999998
256;0:01:01.344805;10110.67330948665;0.7449999999999998
257;0:00:57.247593;8851.501991553152;0.7439999999999998
258;0:00:59.056100;9405.627442589639;0.7429999999999998
259;0:01:01.896962;8527.744721479907;0.7419999999999998
260;0:00:57.979600;8949.305403113463;0.7409999999999998
261;0:00:59.509718;10507.415436003785;0.7399999999999998
262;0:00:57.291946;7645.913925237413;0.7389999999999998
263;0:01:00.124166;8514.771075957799;0.7379999999999998
264;0:00:58.389914;7778.396550127297;0.7369999999999998
265;0:00:55.712344;7587.145775608404;0.7359999999999998
266;0:00:59.033529;9774.381887764383;0.7349999999999998
267;0:00:59.823232;8274.808590171679;0.7339999999999998
268;0:00:57.519719;8684.974825817291;0.7329999999999998
269;0:00:58.518261;8299.078728509083;0.7319999999999998
270;0:00:54.194348;7887.621791097386;0.7309999999999998
271;0:00:58.765190;8712.31316165011;0.7299999999999998
272;0:00:57.483512;7613.436372421826;0.7289999999999998
273;0:00:58.946794;7337.956490805731;0.7279999999999998
274;0:00:58.648759;8318.817273835952;0.7269999999999998
275;0:01:00.539722;8478.24844412829;0.7259999999999998
276;0:00:57.707124;7187.490059352659;0.7249999999999998
277;0:00:59.588156;8888.576452485042;0.7239999999999998
278;0:00:57.924468;7189.806039541804;0.7229999999999998
279;0:00:53.923113;7388.910887911493;0.7219999999999998
280;0:00:57.175371;7579.612276971748;0.7209999999999998
281;0:00:57.022200;8423.484569098382;0.7199999999999998
282;0:00:56.308604;8528.327597036561;0.7189999999999998
283;0:00:58.813440;9577.67978940257;0.7179999999999997
284;0:01:01.279894;8477.216690732315;0.7169999999999997
285;0:00:54.571985;8482.417488807987;0.7159999999999997
286;0:01:01.459279;10929.249704816157;0.7149999999999997
287;0:01:01.043802;9558.997818269529;0.7139999999999997
288;0:01:00.832058;9012.063857231456;0.7129999999999997
289;0:00:58.439561;10724.14451189127;0.7119999999999997
290;0:00:58.490683;8097.982161727145;0.7109999999999997
291;0:01:02.954885;12553.511229063302;0.7099999999999997
292;0:00:55.679906;8046.102505961475;0.7089999999999997
293;0:00:58.145070;8262.006365231471;0.7079999999999997
294;0:01:03.389469;9698.415346893884;0.7069999999999997
295;0:01:02.739334;9058.875118720152;0.7059999999999997
296;0:01:01.878328;10234.349390112493;0.7049999999999997
297;0:00:58.135232;9567.761802792418;0.7039999999999997
298;0:01:00.693473;9097.71185568887;0.7029999999999997
299;0:00:55.928542;8636.883265631852;0.7019999999999997
300;0:01:06.819936;11702.369669095613;0.7009999999999997
301;0:01:00.177656;9426.53425190078;0.6999999999999997
302;0:00:59.176640;9145.878921940332;0.6989999999999997
303;0:01:03.271292;11374.539443468015;0.6979999999999997
304;0:01:01.264761;10886.137464789585;0.6969999999999997
305;0:00:56.734359;7077.718792875277;0.6959999999999997
306;0:00:55.599086;7528.766463996416;0.6949999999999997
307;0:01:05.388362;9859.088996846478;0.6939999999999997
308;0:01:00.240757;8758.955680040099;0.6929999999999997
309;0:01:04.491304;9707.37264724268;0.6919999999999997
310;0:01:00.945580;8220.84534693209;0.6909999999999997
311;0:01:00.143838;8107.6406501284;0.6899999999999997
312;0:01:00.770508;8721.915966139006;0.6889999999999997
313;0:01:02.805936;10020.690374782247;0.6879999999999997
314;0:01:00.700721;8663.29302408375;0.6869999999999997
315;0:00:56.503147;8165.5518394451965;0.6859999999999997
316;0:01:00.694131;9825.431313455387;0.6849999999999997
317;0:00:58.171644;9282.471255016218;0.6839999999999997
318;0:00:59.897330;8818.346189614434;0.6829999999999997
319;0:00:57.173523;9534.79803947349;0.6819999999999997
320;0:01:01.207733;8973.202317309579;0.6809999999999997
321;0:01:01.794354;10292.720468702339;0.6799999999999997
322;0:00:59.793437;9946.879851434365;0.6789999999999997
323;0:00:55.960636;9673.151531247946;0.6779999999999997
324;0:01:03.166309;8565.288030165517;0.6769999999999997
325;0:00:58.992514;8338.977408022709;0.6759999999999997
326;0:01:00.713457;9001.977235793105;0.6749999999999997
327;0:01:03.341874;9513.42233079457;0.6739999999999997
328;0:00:59.751130;9498.793229932131;0.6729999999999997
329;0:00:52.846406;8590.735855187035;0.6719999999999997
330;0:01:01.305322;9938.527801271468;0.6709999999999997
331;0:00:56.063178;9671.879479629099;0.6699999999999997
332;0:01:07.801137;12332.568487606923;0.6689999999999997
333;0:00:59.565469;10568.57409880472;0.6679999999999997
334;0:01:01.479011;9238.309313857602;0.6669999999999997
335;0:00:58.543947;8569.279817875302;0.6659999999999997
336;0:00:58.618237;9656.153162449695;0.6649999999999997
337;0:00:55.577172;6798.92066353523;0.6639999999999997
338;0:00:54.199462;9245.57962280257;0.6629999999999997
339;0:01:00.495351;8026.809917192331;0.6619999999999997
340;0:01:07.507468;9401.775010409863;0.6609999999999997
341;0:00:59.262594;8660.618315551857;0.6599999999999997
342;0:00:59.885181;9701.12752001742;0.6589999999999997
343;0:01:04.880426;10459.389407200008;0.6579999999999997
344;0:00:59.731156;10645.097719781585;0.6569999999999997
345;0:00:54.709554;7934.258969702757;0.6559999999999997
346;0:01:03.031023;10229.354233922062;0.6549999999999997
347;0:00:58.832316;10034.588032108592;0.6539999999999997
348;0:00:59.618688;10901.565208162567;0.6529999999999997
349;0:00:56.777619;8976.92782009317;0.6519999999999997
350;0:01:00.610776;11221.431658021587;0.6509999999999997
351;0:00:53.625001;7281.898542603772;0.6499999999999997
352;0:00:58.080790;8989.925861483955;0.6489999999999997
353;0:00:55.802968;8565.951216855634;0.6479999999999997
354;0:00:52.884616;8718.16349506673;0.6469999999999997
355;0:00:54.090177;7236.7134263540165;0.6459999999999997
356;0:00:57.898128;9917.000531090862;0.6449999999999997
357;0:00:56.091857;9136.674615113625;0.6439999999999997
358;0:01:00.579135;8475.461765405627;0.6429999999999997
359;0:01:03.909433;11526.50054725674;0.6419999999999997
360;0:01:05.259758;13477.32896030038;0.6409999999999997
361;0:01:01.063253;8993.57106278315;0.6399999999999997
362;0:00:59.109355;11237.064132746298;0.6389999999999997
363;0:00:57.828778;9610.653773849877;0.6379999999999997
364;0:00:52.341937;8270.748593058213;0.6369999999999997
365;0:00:58.668666;7899.406096875493;0.6359999999999997
366;0:01:02.225110;12271.996279913086;0.6349999999999997
367;0:00:59.266455;12312.104190720967;0.6339999999999997
368;0:01:01.282324;11798.347971033825;0.6329999999999997
369;0:00:57.639591;9924.18122335816;0.6319999999999997
370;0:00:58.931481;9394.544987614538;0.6309999999999997
371;0:00:56.165553;8686.699091381244;0.6299999999999997
372;0:00:57.668946;9349.530369850238;0.6289999999999997
373;0:01:01.783706;10871.006251576915;0.6279999999999997
374;0:01:06.889583;12486.022997089678;0.6269999999999997
375;0:00:59.289573;9963.722582491073;0.6259999999999997
376;0:00:59.651264;10654.547413811692;0.6249999999999997
377;0:01:00.906191;11681.524120952316;0.6239999999999997
378;0:00:59.044253;8588.840910428884;0.6229999999999997
379;0:01:02.382829;9399.630165679715;0.6219999999999997
380;0:00:59.526361;11361.416879236054;0.6209999999999997
381;0:00:56.654931;10307.596441310092;0.6199999999999997
382;0:01:00.944489;9034.58078369368;0.6189999999999997
383;0:00:54.610171;8892.081480746338;0.6179999999999997
384;0:01:03.961847;11095.24722767061;0.6169999999999997
385;0:01:03.428596;9736.61214647606;0.6159999999999997
386;0:01:02.488700;11202.116173286875;0.6149999999999997
387;0:01:05.771702;11745.195968887825;0.6139999999999997
388;0:01:02.600148;10716.983394183184;0.6129999999999997
389;0:01:02.972698;10304.927754285278;0.6119999999999997
390;0:01:00.761378;10490.144348187107;0.6109999999999997
391;0:00:56.116030;9731.280417214883;0.6099999999999997
392;0:01:02.999500;9201.53126782635;0.6089999999999997
393;0:00:54.933563;8542.742730458349;0.6079999999999997
394;0:00:57.266175;11854.071117021182;0.6069999999999997
395;0:00:58.272617;8858.519397547145;0.6059999999999997
396;0:01:01.297064;9577.643441343145;0.6049999999999996
397;0:01:00.650667;10461.419550799837;0.6039999999999996
398;0:01:00.549502;10836.38928168624;0.6029999999999996
399;0:01:03.522894;11358.06702594525;0.6019999999999996
400;0:01:01.924584;12582.17403548392;0.6009999999999996
401;0:01:02.950074;11309.601567455233;0.5999999999999996
402;0:00:57.339942;9545.806216016466;0.5989999999999996
403;0:00:57.560219;9174.551262751902;0.5979999999999996
404;0:00:56.754973;8906.351335151061;0.5969999999999996
405;0:00:59.380469;11029.826271530414;0.5959999999999996
406;0:00:58.295697;7038.809326820536;0.5949999999999996
407;0:00:59.089096;9230.065311777258;0.5939999999999996
408;0:01:05.951990;12775.473587042196;0.5929999999999996
409;0:00:54.460350;12464.142116125411;0.5919999999999996
410;0:00:56.674287;11820.967492052436;0.5909999999999996
411;0:00:58.786274;12359.042785267307;0.5899999999999996
412;0:01:00.507429;10530.377118524515;0.5889999999999996
413;0:01:03.429773;13216.583152589092;0.5879999999999996
414;0:01:00.723192;9936.59433320053;0.5869999999999996
415;0:00:55.417479;10905.764127131266;0.5859999999999996
416;0:00:58.431396;13905.567419005389;0.5849999999999996
417;0:00:59.453693;10605.240200401098;0.5839999999999996
418;0:01:04.748428;10969.980789789257;0.5829999999999996
419;0:00:58.583311;9323.470918639092;0.5819999999999996
420;0:01:01.902958;12738.963561522192;0.5809999999999996
421;0:00:58.952242;9133.207092958852;0.5799999999999996
422;0:00:56.915138;9053.766449664961;0.5789999999999996
423;0:00:55.316645;8345.963119229404;0.5779999999999996
424;0:00:55.113888;8615.287749777552;0.5769999999999996
425;0:00:58.535398;11551.211238071775;0.5759999999999996
426;0:00:59.711423;8673.431232558989;0.5749999999999996
427;0:00:58.012412;10711.271682308676;0.5739999999999996
428;0:01:00.749585;10125.415577435251;0.5729999999999996
429;0:01:04.723387;12039.538469560363;0.5719999999999996
430;0:00:58.595301;10398.456348853724;0.5709999999999996
431;0:00:57.761650;12048.79417830407;0.5699999999999996
432;0:00:58.389146;8241.526145255108;0.5689999999999996
433;0:01:02.575170;11295.815283801912;0.5679999999999996
434;0:01:00.866744;11009.057116728829;0.5669999999999996
435;0:00:59.715696;10427.65586160202;0.5659999999999996
436;0:00:57.210825;9445.696913715292;0.5649999999999996
437;0:01:00.544384;12770.598556046858;0.5639999999999996
438;0:00:53.175314;8626.915068786455;0.5629999999999996
439;0:00:58.541492;9054.853371019444;0.5619999999999996
440;0:00:59.586849;9548.271285367731;0.5609999999999996
441;0:00:54.552104;7995.524269642674;0.5599999999999996
442;0:00:59.296793;10297.70264207572;0.5589999999999996
443;0:01:03.116678;12773.386358491309;0.5579999999999996
444;0:00:55.658242;10801.79841682007;0.5569999999999996
445;0:00:52.474848;8111.17419657247;0.5559999999999996
446;0:00:58.875486;12107.537251687068;0.5549999999999996
447;0:00:59.481130;13364.303821743073;0.5539999999999996
448;0:00:59.290931;10881.531652803496;0.5529999999999996
449;0:01:01.155055;11156.265566353562;0.5519999999999996
450;0:00:56.178953;10648.033549824324;0.5509999999999996
451;0:00:58.247652;8646.362618889127;0.5499999999999996
452;0:00:59.489344;11184.208300454206;0.5489999999999996
453;0:00:57.654844;10277.283466328916;0.5479999999999996
454;0:00:58.641055;9573.185623344958;0.5469999999999996
455;0:00:54.425548;10019.413595976628;0.5459999999999996
456;0:01:00.798350;11466.283667367194;0.5449999999999996
457;0:00:58.411709;12087.140325967954;0.5439999999999996
458;0:00:57.940595;9154.316938840067;0.5429999999999996
459;0:01:00.744497;11151.21412679676;0.5419999999999996
460;0:01:04.761970;12910.279601056567;0.5409999999999996
461;0:00:59.674951;10188.069456355284;0.5399999999999996
462;0:01:03.488662;11882.245054989322;0.5389999999999996
463;0:00:57.455810;8451.277902775013;0.5379999999999996
464;0:00:57.397261;9423.345355811654;0.5369999999999996
465;0:00:56.168949;8360.352581609111;0.5359999999999996
466;0:00:57.037342;10170.111313343503;0.5349999999999996
467;0:00:59.206746;10713.437695249773;0.5339999999999996
468;0:01:02.141580;11265.48276747755;0.5329999999999996
469;0:00:57.203043;11560.13658743908;0.5319999999999996
470;0:00:57.064457;10929.191682109504;0.5309999999999996
471;0:00:57.893097;9470.15446391829;0.5299999999999996
472;0:01:00.012905;11704.943140487603;0.5289999999999996
473;0:00:59.125363;10048.177414055368;0.5279999999999996
474;0:01:00.492203;10511.136875196617;0.5269999999999996
475;0:00:58.531152;12712.104099450104;0.5259999999999996
476;0:01:00.351262;10473.73272142056;0.5249999999999996
477;0:01:02.529975;13302.139335423251;0.5239999999999996
478;0:00:59.795903;9938.411910276966;0.5229999999999996
479;0:00:58.387866;10039.812056861283;0.5219999999999996
480;0:00:57.421546;8553.210991433372;0.5209999999999996
481;0:00:59.779984;14734.470372822168;0.5199999999999996
482;0:00:59.634006;12928.045452354521;0.5189999999999996
483;0:00:52.635161;10400.136698203427;0.5179999999999996
484;0:00:58.581524;12628.558868505987;0.5169999999999996
485;0:00:49.703367;10644.810468097015;0.5159999999999996
486;0:00:53.100236;7313.987535466389;0.5149999999999996
487;0:00:54.928373;10526.965644012344;0.5139999999999996
488;0:00:58.975932;9823.881100094515;0.5129999999999996
489;0:00:56.588026;10081.62459992691;0.5119999999999996
490;0:00:55.761720;11129.331558779626;0.5109999999999996
491;0:00:51.426042;7985.06639174439;0.5099999999999996
492;0:00:57.782414;10137.735705180496;0.5089999999999996
493;0:00:55.539456;12124.71264683642;0.5079999999999996
494;0:00:55.381535;12173.307731720684;0.5069999999999996
495;0:00:52.529946;8521.407439149207;0.5059999999999996
496;0:00:57.854157;10862.587421385751;0.5049999999999996
497;0:01:01.912337;10881.107719365698;0.5039999999999996
498;0:00:56.143268;11577.877948451556;0.5029999999999996
499;0:00:53.823332;11198.676941464844;0.5019999999999996
500;0:00:55.724052;8976.518312652954;0.5009999999999996
501;0:00:53.648830;9322.782234799797;0.49999999999999956
502;0:00:54.383174;11214.263416550839;0.49899999999999956
503;0:00:54.533762;8527.953462009164;0.49799999999999955
504;0:00:54.749943;11238.098045979545;0.49699999999999955
505;0:01:00.040675;11826.593921507527;0.49599999999999955
506;0:01:01.365422;12702.51223427608;0.49499999999999955
507;0:00:56.716132;9553.478046734896;0.49399999999999955
508;0:00:59.143460;10730.111288332266;0.49299999999999955
509;0:00:52.957636;12233.00370753319;0.49199999999999955
510;0:00:57.511952;10107.69872887257;0.49099999999999955
511;0:00:52.918492;10180.708852981401;0.48999999999999955
512;0:00:51.729492;8172.951581379924;0.48899999999999955
513;0:00:54.701817;10435.132959623921;0.48799999999999955
514;0:00:58.424739;11973.726942389336;0.48699999999999954
515;0:00:54.822174;10308.881785509211;0.48599999999999954
516;0:00:54.518120;9838.90164522195;0.48499999999999954
517;0:00:54.870211;13598.359553882387;0.48399999999999954
518;0:01:01.871319;13729.240977742058;0.48299999999999954
519;0:00:53.627081;9238.123834712538;0.48199999999999954
520;0:00:53.076549;8356.474047345393;0.48099999999999954
521;0:00:56.859065;12404.242036827638;0.47999999999999954
522;0:00:55.807080;11205.585209733295;0.47899999999999954
523;0:01:01.907833;11917.22553061731;0.47799999999999954
524;0:01:03.319835;12263.72687836203;0.47699999999999954
525;0:01:01.652387;12837.427140558942;0.47599999999999953
526;0:00:55.740042;10660.865424908545;0.47499999999999953
527;0:00:54.119711;10979.656136799009;0.47399999999999953
528;0:01:00.263871;13103.376583705458;0.47299999999999953
529;0:00:52.447337;11664.938980474144;0.47199999999999953
530;0:00:54.473510;10955.973645139113;0.47099999999999953
531;0:00:55.111073;9681.84373417804;0.46999999999999953
532;0:00:55.567966;10729.62682529106;0.46899999999999953
533;0:00:51.340086;7907.633106875076;0.4679999999999995
534;0:00:53.155641;9964.139903274066;0.4669999999999995
535;0:00:58.115017;12451.942414058898;0.4659999999999995
536;0:00:59.768499;12092.514602967873;0.4649999999999995
537;0:00:52.437314;9891.00398346107;0.4639999999999995
538;0:00:59.824981;15036.08622458168;0.4629999999999995
539;0:00:56.857083;10344.678656858832;0.4619999999999995
540;0:00:53.606528;10534.116066458397;0.4609999999999995
541;0:00:58.238836;11709.052396417039;0.4599999999999995
542;0:00:54.204739;11801.419613944727;0.4589999999999995
543;0:00:59.470617;14223.556134840735;0.4579999999999995
544;0:00:56.185813;10685.309387476755;0.4569999999999995
545;0:01:00.254761;13013.224755128625;0.4559999999999995
546;0:00:56.472679;8989.271665258395;0.4549999999999995
547;0:01:04.988683;15544.735735064412;0.4539999999999995
548;0:00:56.388809;11332.146932928179;0.4529999999999995
549;0:00:55.412354;10669.449246363654;0.4519999999999995
550;0:00:51.005088;8356.81924538695;0.4509999999999995
551;0:00:56.730917;12547.87219726386;0.4499999999999995
552;0:00:51.683490;11757.71861874361;0.4489999999999995
553;0:00:59.323641;12983.463972892992;0.4479999999999995
554;0:00:55.156405;10115.558798624661;0.4469999999999995
555;0:01:00.735947;14632.65126989457;0.4459999999999995
556;0:00:59.823814;11982.974381299075;0.4449999999999995
557;0:00:56.393589;11544.97002495703;0.4439999999999995
558;0:01:01.708351;11773.825258620504;0.4429999999999995
559;0:01:00.666883;11798.613343982512;0.4419999999999995
560;0:00:55.341794;12205.000870246395;0.4409999999999995
561;0:00:59.827939;12100.688132714726;0.4399999999999995
562;0:00:56.431720;10747.132624996819;0.4389999999999995
563;0:00:57.939957;11805.908219640358;0.4379999999999995
564;0:00:55.704650;12798.03376851781;0.4369999999999995
565;0:00:55.823296;12207.562162929746;0.4359999999999995
566;0:00:55.591165;11510.328679380176;0.4349999999999995
567;0:00:55.863493;12389.690931948116;0.4339999999999995
568;0:00:56.602855;9519.605274832056;0.4329999999999995
569;0:00:56.284153;11132.823045433885;0.4319999999999995
570;0:00:57.458007;12160.724421494459;0.4309999999999995
571;0:00:56.864999;11219.609462270624;0.4299999999999995
572;0:00:57.444839;14775.140764972311;0.4289999999999995
573;0:00:58.746341;14162.473557838273;0.4279999999999995
574;0:00:54.227378;12271.233530320354;0.4269999999999995
575;0:00:59.042938;12561.02658961648;0.4259999999999995
576;0:00:51.860720;11900.507817091171;0.4249999999999995
577;0:00:55.319140;11950.728427721577;0.4239999999999995
578;0:00:54.321587;12139.32224542554;0.4229999999999995
579;0:00:57.998417;10912.797555534366;0.4219999999999995
580;0:00:56.469644;10222.802695160946;0.4209999999999995
581;0:01:01.802899;12412.232852144942;0.4199999999999995
582;0:00:58.825136;16737.645528078392;0.4189999999999995
583;0:00:55.081913;10936.828968441845;0.4179999999999995
584;0:00:57.753865;12444.78337505394;0.4169999999999995
585;0:00:57.950398;14135.81397053688;0.4159999999999995
586;0:00:53.151204;13572.518777155872;0.4149999999999995
587;0:00:52.107808;11267.795340633442;0.4139999999999995
588;0:00:59.170822;12140.248804029849;0.4129999999999995
589;0:00:54.029637;11364.35250818913;0.4119999999999995
590;0:00:56.086596;11306.101947947825;0.4109999999999995
591;0:01:01.869323;16060.941026058643;0.4099999999999995
592;0:00:55.342104;10961.466602724604;0.4089999999999995
593;0:00:55.425281;10633.539664582393;0.4079999999999995
594;0:00:56.035071;9979.137592611714;0.4069999999999995
595;0:00:53.473835;13197.086126728242;0.4059999999999995
596;0:00:53.844790;10727.085283015982;0.40499999999999947
597;0:00:53.777845;12402.883004029045;0.40399999999999947
598;0:00:54.077264;10826.248786421273;0.40299999999999947
599;0:00:53.521065;10693.473388920193;0.40199999999999947
600;0:00:54.347831;10469.024587605722;0.40099999999999947
601;0:00:58.978745;14993.142638655381;0.39999999999999947
602;0:00:52.230887;11275.97977305397;0.39899999999999947
603;0:00:52.978389;11109.826980910279;0.39799999999999947
604;0:00:59.816610;12674.059118453277;0.39699999999999946
605;0:00:55.971466;8967.384324204342;0.39599999999999946
606;0:00:51.862796;9162.607568780935;0.39499999999999946
607;0:00:56.861002;12113.59364693447;0.39399999999999946
608;0:00:55.205668;11383.3642142093;0.39299999999999946
609;0:00:53.290644;11030.362993128145;0.39199999999999946
610;0:00:55.393914;10283.296558038237;0.39099999999999946
611;0:00:53.026404;12916.585986022017;0.38999999999999946
612;0:00:56.300756;12543.934109923539;0.38899999999999946
613;0:00:52.940229;11822.382691416296;0.38799999999999946
614;0:00:55.271726;11580.056022837842;0.38699999999999946
615;0:01:00.006168;14142.431919896311;0.38599999999999945
616;0:00:57.834588;12652.846753070395;0.38499999999999945
617;0:00:53.214464;11899.336110679043;0.38399999999999945
618;0:00:56.472661;13948.66072877783;0.38299999999999945
619;0:00:52.405101;14875.770339264804;0.38199999999999945
620;0:00:51.643315;10416.434349858664;0.38099999999999945
621;0:00:57.502558;14874.961241350491;0.37999999999999945
622;0:00:58.180982;12876.044066291415;0.37899999999999945
623;0:00:56.110690;11828.427084574176;0.37799999999999945
624;0:00:53.813028;11219.932768127223;0.37699999999999945
625;0:00:54.839332;14712.174136301253;0.37599999999999945
626;0:00:57.412970;13588.231343877751;0.37499999999999944
627;0:00:56.740018;14397.16361510708;0.37399999999999944
628;0:00:56.001207;13890.655592225396;0.37299999999999944
629;0:00:54.941508;12414.428083906227;0.37199999999999944
630;0:00:53.527706;10622.556422644173;0.37099999999999944
631;0:00:54.408968;12970.03405752833;0.36999999999999944
632;0:01:01.721939;16488.180777623707;0.36899999999999944
633;0:00:57.576010;12775.64967504976;0.36799999999999944
634;0:00:57.686613;12866.888454740692;0.36699999999999944
635;0:00:56.479497;15596.188072936755;0.36599999999999944
636;0:00:53.917208;14113.712580283553;0.36499999999999944
637;0:00:58.611830;13321.318095409462;0.36399999999999944
638;0:00:53.097172;11334.67640225572;0.36299999999999943
639;0:00:53.874094;11924.79688407516;0.36199999999999943
640;0:00:58.267320;12722.40991253903;0.36099999999999943
641;0:00:57.465895;17205.10012056699;0.35999999999999943
642;0:00:53.612078;13105.784739129349;0.35899999999999943
643;0:00:57.157356;11418.450480056468;0.35799999999999943
644;0:00:54.367727;11024.931573125841;0.35699999999999943
645;0:00:58.681105;12355.438005953845;0.35599999999999943
646;0:00:58.237154;11528.095836097435;0.3549999999999994
647;0:00:56.812347;13896.110328332226;0.3539999999999994
648;0:01:02.411764;11702.36410205007;0.3529999999999994
649;0:01:00.566311;17881.814269641556;0.3519999999999994
650;0:00:59.897832;11034.940116573693;0.3509999999999994
651;0:00:52.434292;10955.099322942926;0.3499999999999994
652;0:00:55.517492;12642.03749540441;0.3489999999999994
653;0:00:59.664888;14102.464792456549;0.3479999999999994
654;0:00:55.465768;12196.78012673995;0.3469999999999994
655;0:01:00.985843;13755.408025024855;0.3459999999999994
656;0:00:55.507122;9987.972718428384;0.3449999999999994
657;0:00:58.427986;13801.984267967473;0.3439999999999994
658;0:00:54.525819;12293.70495647253;0.3429999999999994
659;0:00:54.849031;12857.70963603972;0.3419999999999994
660;0:00:52.687790;12103.849335626239;0.3409999999999994
661;0:00:55.627960;12709.811730824022;0.3399999999999994
662;0:00:54.748334;15790.407201669092;0.3389999999999994
663;0:00:55.955726;13761.403688081673;0.3379999999999994
664;0:00:56.543612;12890.543380219346;0.3369999999999994
665;0:00:51.617359;11785.375895834504;0.3359999999999994
666;0:00:52.680843;12338.159524836037;0.3349999999999994
667;0:00:57.878662;11171.253229882814;0.3339999999999994
668;0:00:57.128000;13698.545782036534;0.3329999999999994
669;0:00:56.980951;12554.707763984632;0.3319999999999994
670;0:00:54.882101;14139.615646580285;0.3309999999999994
671;0:00:52.972460;11863.199549052533;0.3299999999999994
672;0:00:56.226768;14609.761334006933;0.3289999999999994
673;0:00:52.810895;14555.085716504253;0.3279999999999994
674;0:00:50.955335;12698.849275464809;0.3269999999999994
675;0:00:57.144666;14933.725067337293;0.3259999999999994
676;0:00:52.289580;10828.995513211079;0.3249999999999994
677;0:00:50.259414;13154.041874515447;0.3239999999999994
678;0:00:56.651859;13511.911533809573;0.3229999999999994
679;0:00:58.042605;14368.861910028034;0.3219999999999994
680;0:00:57.069185;16308.313813863184;0.3209999999999994
681;0:01:00.633493;12166.25672324801;0.3199999999999994
682;0:00:56.766254;12387.875279399976;0.3189999999999994
683;0:00:51.277496;12245.696181716827;0.3179999999999994
684;0:00:54.761386;12593.560435669648;0.3169999999999994
685;0:00:51.548411;10894.24676534394;0.3159999999999994
686;0:00:55.293699;15182.574363878135;0.3149999999999994
687;0:00:56.793524;14306.122207879402;0.3139999999999994
688;0:00:56.618507;11875.144621852127;0.3129999999999994
689;0:00:48.781770;8923.656318318532;0.3119999999999994
690;0:01:00.604567;19718.848311600887;0.3109999999999994
691;0:00:59.783727;19166.10368608533;0.3099999999999994
692;0:00:58.257419;13363.305506168663;0.3089999999999994
693;0:00:54.492888;13120.995428998343;0.3079999999999994
694;0:00:55.100155;13030.840251199885;0.3069999999999994
695;0:00:54.920623;13126.373844264204;0.3059999999999994
696;0:00:55.583170;13266.213875961796;0.3049999999999994
697;0:00:52.892174;15659.004280717014;0.3039999999999994
698;0:00:56.992173;14716.01435573629;0.3029999999999994
699;0:00:53.542214;16083.831268758864;0.3019999999999994
700;0:00:55.348944;13108.927518503515;0.3009999999999994
701;0:00:54.458509;13782.427299061645;0.2999999999999994
702;0:00:53.038489;10923.706935297272;0.2989999999999994
703;0:00:55.233560;14488.539438289368;0.2979999999999994
704;0:00:55.320558;14682.278140088481;0.2969999999999994
705;0:00:50.584229;14082.569799974724;0.2959999999999994
706;0:00:54.082367;15050.754065060277;0.2949999999999994
707;0:00:51.061877;11658.063569931808;0.2939999999999994
708;0:00:55.981862;16961.45418905811;0.29299999999999937
709;0:00:53.213530;18533.94885232132;0.29199999999999937
710;0:00:52.695574;13333.427836940868;0.29099999999999937
711;0:00:52.760767;15024.56693294182;0.28999999999999937
712;0:00:51.321341;13104.670685938712;0.28899999999999937
713;0:00:54.190855;14221.294862859046;0.28799999999999937
714;0:00:50.363726;11564.871482278164;0.28699999999999937
715;0:00:53.092912;13234.060416580785;0.28599999999999937
716;0:00:54.979952;11586.599824839694;0.28499999999999936
717;0:00:45.290600;10198.871025458175;0.28399999999999936
718;0:00:48.450126;14943.962710748649;0.28299999999999936
719;0:00:50.484307;13031.912903343708;0.28199999999999936
720;0:00:50.483449;13975.455197535855;0.28099999999999936
721;0:00:53.413389;14347.087498793384;0.27999999999999936
722;0:00:47.364540;16579.485951119004;0.27899999999999936
723;0:00:48.013743;12117.717691311575;0.27799999999999936
724;0:00:47.405874;13049.015424278943;0.27699999999999936
725;0:00:43.695685;12443.850034659974;0.27599999999999936
726;0:00:47.806242;12392.517514740168;0.27499999999999936
727;0:00:44.178501;14647.476134067028;0.27399999999999936
728;0:00:49.599495;15475.809224633824;0.27299999999999935
729;0:00:48.708704;17686.630146879823;0.27199999999999935
730;0:00:47.009365;13923.204252272733;0.27099999999999935
731;0:00:48.817824;13815.72056117247;0.26999999999999935
732;0:00:45.855977;11949.28955198253;0.26899999999999935
733;0:00:47.769561;14932.266901960409;0.26799999999999935
734;0:00:46.500081;15776.381812975025;0.26699999999999935
735;0:00:45.554233;13930.100905572797;0.26599999999999935
736;0:00:41.952353;11813.082850266133;0.26499999999999935
737;0:00:42.130617;13201.740766283807;0.26399999999999935
738;0:00:44.861195;12073.3616719827;0.26299999999999935
739;0:00:45.337969;13321.755498714867;0.26199999999999934
740;0:00:43.161211;11924.9043506056;0.26099999999999934
741;0:00:42.346451;10422.413916304324;0.25999999999999934
742;0:00:44.013711;14147.16922265345;0.25899999999999934
743;0:00:41.685649;13647.20618378389;0.25799999999999934
744;0:00:42.458141;12363.725838402663;0.25699999999999934
745;0:00:44.971158;14217.398020896482;0.25599999999999934
746;0:00:50.785744;18068.04008408304;0.25499999999999934
747;0:00:44.776902;15530.000425512844;0.25399999999999934
748;0:00:45.512885;13755.621375309214;0.25299999999999934
749;0:00:45.539460;15994.583196844691;0.25199999999999934
750;0:00:46.648450;14447.835438458802;0.25099999999999933
751;0:00:39.776139;13271.447541847741;0.24999999999999933
752;0:00:45.937390;14251.040881466648;0.24899999999999933
753;0:00:46.142610;15249.525373517701;0.24799999999999933
754;0:00:43.648767;13129.265188499898;0.24699999999999933
755;0:00:43.132799;14632.6257205372;0.24599999999999933
756;0:00:42.525516;12795.498686441122;0.24499999999999933
757;0:00:41.353576;12525.309474364418;0.24399999999999933
758;0:00:42.489701;13067.359337364112;0.24299999999999933
759;0:00:45.703685;12802.871525495751;0.24199999999999933
760;0:00:46.657051;15206.260213308271;0.24099999999999933
761;0:00:44.832359;15106.5303792862;0.23999999999999932
762;0:00:50.517520;16105.740903880916;0.23899999999999932
763;0:00:50.270845;17515.174519222488;0.23799999999999932
764;0:00:50.954905;14846.808322272214;0.23699999999999932
765;0:00:40.939277;13298.47733150238;0.23599999999999932
766;0:00:40.827638;12543.331405668652;0.23499999999999932
767;0:00:38.845856;12273.952777235503;0.23399999999999932
768;0:00:41.410796;13885.148117571225;0.23299999999999932
769;0:00:40.036283;13149.506338000947;0.23199999999999932
770;0:00:41.361539;16279.662154084872;0.23099999999999932
771;0:00:43.074183;16638.438144370255;0.22999999999999932
772;0:00:40.210517;15842.027489504704;0.22899999999999932
773;0:00:40.665921;14713.633318175396;0.22799999999999931
774;0:00:43.611216;15086.888248079815;0.2269999999999993
775;0:00:40.828451;13294.400304154136;0.2259999999999993
776;0:00:43.872300;12954.732659742609;0.2249999999999993
777;0:00:42.219552;18708.378544308693;0.2239999999999993
778;0:00:43.382721;15981.613793611059;0.2229999999999993
779;0:00:39.410905;12513.082827425878;0.2219999999999993
780;0:00:41.225171;16001.511593784202;0.2209999999999993
781;0:00:39.831811;14676.569406007377;0.2199999999999993
782;0:00:42.688038;12864.911452393462;0.2189999999999993
783;0:00:42.140192;16835.69535092588;0.2179999999999993
784;0:00:39.937770;14350.809291436093;0.2169999999999993
785;0:00:40.651926;16215.531985612279;0.2159999999999993
786;0:00:41.109778;16215.9748712496;0.2149999999999993
787;0:00:40.148424;15604.285135950162;0.2139999999999993
788;0:00:40.022121;12552.871008656415;0.2129999999999993
789;0:00:41.838559;14464.530916613596;0.2119999999999993
790;0:00:40.263798;13374.853100596818;0.2109999999999993
791;0:00:41.769554;15077.7035366695;0.2099999999999993
792;0:00:33.612864;9973.98545479796;0.2089999999999993
793;0:00:34.244448;13460.396113007255;0.2079999999999993
794;0:00:34.330891;13419.098683487544;0.2069999999999993
795;0:00:37.507074;13967.262895226333;0.2059999999999993
796;0:00:33.749032;13306.630519545246;0.2049999999999993
797;0:00:34.920848;15041.405215712526;0.2039999999999993
798;0:00:33.633069;16023.671555804158;0.2029999999999993
799;0:00:34.593954;13529.169387343556;0.2019999999999993
800;0:00:36.564008;17067.443504651033;0.2009999999999993
801;0:00:35.548416;14348.0600032701;0.1999999999999993
802;0:00:32.410378;12838.291361462518;0.1989999999999993
803;0:00:34.067366;15792.455999126782;0.1979999999999993
804;0:00:35.505825;18714.30104822272;0.1969999999999993
805;0:00:33.827450;15245.142542632992;0.19599999999999929
806;0:00:34.802496;17372.867353129503;0.19499999999999929
807;0:00:33.817562;15907.71694833645;0.19399999999999928
808;0:00:34.716935;16519.612552186994;0.19299999999999928
809;0:00:33.664297;14169.975436348848;0.19199999999999928
810;0:00:34.489659;18063.7366712385;0.19099999999999928
811;0:00:34.118829;13548.039125296571;0.18999999999999928
812;0:00:34.607273;14679.265414484795;0.18899999999999928
813;0:00:33.067475;14863.07559754597;0.18799999999999928
814;0:00:35.438903;16602.05869564108;0.18699999999999928
815;0:00:36.336794;17626.451057646573;0.18599999999999928
816;0:00:34.214156;17477.814809190855;0.18499999999999928
817;0:00:33.252619;14196.757767489646;0.18399999999999928
818;0:00:34.923149;15502.033474635364;0.18299999999999927
819;0:00:32.643391;13969.898502603199;0.18199999999999927
820;0:00:31.920251;12333.752866377074;0.18099999999999927
821;0:00:33.086458;13014.92478868642;0.17999999999999927
822;0:00:33.190676;12821.985497002472;0.17899999999999927
823;0:00:35.419317;16233.886606697082;0.17799999999999927
824;0:00:34.790833;16527.361967751287;0.17699999999999927
825;0:00:34.214164;13547.363809493174;0.17599999999999927
826;0:00:36.622845;14318.739172635285;0.17499999999999927
827;0:00:34.171282;13589.247258726671;0.17399999999999927
828;0:00:33.655624;15027.937361849492;0.17299999999999927
829;0:00:32.785262;16023.970785916412;0.17199999999999926
830;0:00:32.578138;16155.034746181482;0.17099999999999926
831;0:00:32.591080;15647.50503553039;0.16999999999999926
832;0:00:32.931374;17164.921946707855;0.16899999999999926
833;0:00:33.189372;14703.505276568292;0.16799999999999926
834;0:00:33.156261;14103.167806899368;0.16699999999999926
835;0:00:32.469164;15306.303594102072;0.16599999999999926
836;0:00:32.068797;17178.45125239521;0.16499999999999926
837;0:00:33.642461;11367.830681633552;0.16399999999999926
838;0:00:32.066875;11325.720722590993;0.16299999999999926
839;0:00:31.947930;16199.074775213587;0.16199999999999926
840;0:00:30.979747;11844.155420612364;0.16099999999999925
841;0:00:32.202414;18780.477199034212;0.15999999999999925
842;0:00:33.947887;17925.190502712983;0.15899999999999925
843;0:00:31.545686;15259.290712626787;0.15799999999999925
844;0:00:29.952659;12936.358947263088;0.15699999999999925
845;0:00:32.487395;17202.258877129807;0.15599999999999925
846;0:00:33.900655;17473.39986822402;0.15499999999999925
847;0:00:32.036085;15130.310177730202;0.15399999999999925
848;0:00:31.539083;13320.24859306977;0.15299999999999925
849;0:00:33.316244;13530.184831659519;0.15199999999999925
850;0:00:31.167299;14547.57364972832;0.15099999999999925
851;0:00:34.530418;18195.559867906388;0.14999999999999925
852;0:00:32.546600;17074.64407074155;0.14899999999999924
853;0:00:32.439220;13634.65149671604;0.14799999999999924
854;0:00:33.124279;13587.982458233691;0.14699999999999924
855;0:00:33.465774;15824.915193860143;0.14599999999999924
856;0:00:32.477679;13598.02409158304;0.14499999999999924
857;0:00:32.104172;16400.373801472888;0.14399999999999924
858;0:00:31.654045;16071.172370720085;0.14299999999999924
859;0:00:32.615858;16445.56690449081;0.14199999999999924
860;0:00:33.532763;15598.152188944481;0.14099999999999924
861;0:00:30.428660;14035.5228503934;0.13999999999999924
862;0:00:32.002670;11390.317233850332;0.13899999999999924
863;0:00:32.823992;17757.184110315186;0.13799999999999923
864;0:00:34.031042;15024.428312975053;0.13699999999999923
865;0:00:33.315774;16435.595741177956;0.13599999999999923
866;0:00:33.079909;14212.905948608015;0.13499999999999923
867;0:00:31.495171;16588.743108464823;0.13399999999999923
868;0:00:31.757080;16247.06676465982;0.13299999999999923
869;0:00:33.102688;17329.800329838945;0.13199999999999923
870;0:00:31.235592;19429.60326553094;0.13099999999999923
871;0:00:31.154875;17274.49572400112;0.12999999999999923
872;0:00:31.854304;17948.44460621757;0.12899999999999923
873;0:00:30.916974;14631.450302000596;0.12799999999999923
874;0:00:32.179738;18039.09020623176;0.12699999999999922
875;0:00:31.923605;19886.801789711175;0.12599999999999922
876;0:00:30.005770;17293.81006156254;0.12499999999999922
877;0:00:29.780813;10548.978545640455;0.12399999999999922
878;0:00:32.957769;19478.651704535227;0.12299999999999922
879;0:00:31.128344;15351.095674610477;0.12199999999999922
880;0:00:31.426800;15470.450824724987;0.12099999999999922
881;0:00:32.884218;14680.169533921697;0.11999999999999922
882;0:00:32.138815;17236.209698597995;0.11899999999999922
883;0:00:30.697463;13531.395714137407;0.11799999999999922
884;0:00:30.352803;16272.373679077878;0.11699999999999922
885;0:00:32.843040;15831.536056385945;0.11599999999999921
886;0:00:32.895283;16705.04906209244;0.11499999999999921
887;0:00:35.401621;13929.565628490502;0.11399999999999921
888;0:00:36.347013;15534.72413479366;0.11299999999999921
889;0:00:31.043143;16899.82622742477;0.11199999999999921
890;0:00:31.556089;21426.092035797446;0.11099999999999921
891;0:00:31.132657;20013.819065470754;0.10999999999999921
892;0:00:29.892287;17963.91710791418;0.10899999999999921
893;0:00:31.053790;13931.481006109614;0.10799999999999921
894;0:00:29.782363;15136.988976070748;0.1069999999999992
895;0:00:33.542116;14811.91089457598;0.1059999999999992
896;0:00:34.755750;15820.716479054017;0.1049999999999992
897;0:00:30.522302;16281.94881903433;0.1039999999999992
898;0:00:32.625803;17090.00519566003;0.1029999999999992
899;0:00:29.395614;14952.416013454695;0.1019999999999992
900;0:00:30.583370;17460.801580478503;0.1009999999999992
901;0:00:39.382344;16661.284297498773;0.0999999999999992
902;0:00:30.861606;17089.85962728009;0.1
903;0:00:31.128406;14946.85743552108;0.1
904;0:00:30.047648;12034.03135117703;0.1
905;0:00:31.511239;16231.506640215943;0.1
906;0:00:32.494819;17651.994077259485;0.1
907;0:00:31.540232;14703.775946888813;0.1
908;0:00:29.928137;16097.452111842878;0.1
909;0:00:29.637127;16204.793624143855;0.1
910;0:00:32.102448;14869.555330232935;0.1
911;0:00:32.282632;17318.972430452657;0.1
912;0:00:31.938684;22525.719802781787;0.1
913;0:00:31.685777;17111.48564618466;0.1
914;0:00:29.693813;15172.084525854509;0.1
915;0:00:32.272835;16751.89528392787;0.1
916;0:00:29.977517;12523.897776323398;0.1
917;0:00:31.032027;17337.176459492155;0.1
918;0:00:30.717183;17727.541686195793;0.1
919;0:00:31.501057;19729.427687081847;0.1
920;0:00:30.439733;12903.22870352878;0.1
921;0:00:32.914753;17823.315113549936;0.1
922;0:00:32.185081;17784.488343567693;0.1
923;0:00:32.551870;16086.322163222007;0.1
924;0:00:30.758456;15580.752173768817;0.1
925;0:00:31.138317;13076.048180382877;0.1
926;0:00:30.858826;14415.000391971163;0.1
927;0:00:30.338769;16593.371687820127;0.1
928;0:00:30.794384;16283.895801572602;0.1
929;0:00:29.962767;15967.325185394151;0.1
930;0:00:32.735691;14557.466131740137;0.1
931;0:00:34.475216;13807.916945591292;0.1
932;0:00:31.559307;19868.91951625508;0.1
933;0:00:30.561203;15866.672368363648;0.1
934;0:00:31.358554;15231.446088524906;0.1
935;0:00:30.844370;14352.540678631995;0.1
936;0:00:30.818090;16612.938167215947;0.1
937;0:00:32.195324;19552.115722595463;0.1
938;0:00:29.882742;16203.096711240647;0.1
939;0:00:30.088454;17193.593512443007;0.1
940;0:00:29.974625;17665.911210860497;0.1
941;0:00:30.634612;14189.630361517748;0.1
942;0:00:29.898896;13674.67080330625;0.1
943;0:00:31.332963;16010.225182172017;0.1
944;0:00:30.196165;16503.336075547093;0.1
945;0:00:32.279578;14690.661453005374;0.1
946;0:00:32.430915;17688.690103827626;0.1
947;0:00:29.772171;17113.7600706446;0.1
948;0:00:31.608124;16901.968781776774;0.1
949;0:00:32.628820;16460.51394884998;0.1
950;0:00:31.765885;15817.11316747719;0.1
951;0:00:32.546638;16978.662799823163;0.1
952;0:00:32.254766;15435.93152511057;0.1
953;0:00:33.173805;15978.040564792671;0.1
954;0:00:31.134870;17562.031086547777;0.1
955;0:00:30.600812;15835.050540823728;0.1
956;0:00:31.882614;16848.285039862556;0.1
957;0:00:31.997988;21799.927192439118;0.1
958;0:00:34.882581;16053.21333444343;0.1
959;0:00:31.227787;16672.436782958444;0.1
960;0:00:32.272635;17835.78102565397;0.1
961;0:00:30.967819;16815.827575008552;0.1
962;0:00:31.369831;13715.940771146437;0.1
963;0:00:29.645499;14727.945493054503;0.1
964;0:00:30.712702;16584.768286085062;0.1
965;0:00:30.797402;16705.808950435847;0.1
966;0:00:31.708071;17837.59447766917;0.1
967;0:00:31.280660;15480.572873499605;0.1
968;0:00:30.470180;16940.68337510667;0.1
969;0:00:30.953269;16098.894459688738;0.1
970;0:00:32.540819;15982.191217430884;0.1
971;0:00:29.882366;16222.51540317118;0.1
972;0:00:29.926776;14864.847816884596;0.1
973;0:00:30.746884;16765.864852212257;0.1
974;0:00:30.437995;16078.330063956078;0.1
975;0:00:31.580805;13419.827678924063;0.1
976;0:00:31.683160;15166.425481282999;0.1
977;0:00:32.113359;14465.924953764754;0.1
978;0:00:29.984149;14766.064520007212;0.1
979;0:00:33.613840;16555.53613104846;0.1
980;0:00:30.728504;12394.845259500868;0.1
981;0:00:30.550368;13543.928916427587;0.1
982;0:00:30.032014;19856.044517864855;0.1
983;0:00:32.078894;15713.47694839634;0.1
984;0:00:30.416468;17438.4327853608;0.1
985;0:00:30.902602;16700.48592002427;0.1
986;0:00:29.855022;15216.782182940324;0.1
987;0:00:30.631065;12959.166531776198;0.1
988;0:00:32.620302;20986.503021780794;0.1
989;0:00:32.039966;16338.392827086613;0.1
990;0:00:34.554516;15963.034261817009;0.1
991;0:00:32.073004;18574.060215199068;0.1
992;0:00:30.175624;11274.822172572609;0.1
993;0:00:30.017182;16598.866733802635;0.1
994;0:00:32.480292;15400.786022734492;0.1
995;0:00:32.063570;17184.047889431004;0.1
996;0:00:30.183169;14858.034350234666;0.1
997;0:00:31.547168;19373.925503026258;0.1
998;0:00:32.163898;17613.895332023003;0.1
999;0:00:32.336776;18555.3667176361;0.1
1000;0:00:30.341032;15822.481050084054;0.1
